zinc_id,ortholog_name,gene_name,affinity,chembldocid,title,reference.pubmed_id,reference.doi,reference.chembl_id,reference.journal,reference.year
ZINC000000006507,NRAM_I34A1,NA,5,3200,,10450950,,CHEMBL1132662,Bioorg. Med. Chem. Lett.,1999
ZINC000000007642,NRAM_I34A1,NA,7.32,14980,,10395473,,CHEMBL1132253,J. Med. Chem.,1999
ZINC000001532590,NRAM_I34A1,NA,5,14980,,10395473,,CHEMBL1132253,J. Med. Chem.,1999
ZINC000001538308,NRAM_I34A1,NA,5.21,48644,,20014777,,CHEMBL1154750,J. Med. Chem.,2010
ZINC000002047890,NRAM_I34A1,NA,5.3,14980,,10395473,,CHEMBL1132253,J. Med. Chem.,1999
ZINC000003581794,NRAM_I34A1,NA,5.12,16358,,11312919,,CHEMBL1134391,J. Med. Chem.,2001
ZINC000003581797,NRAM_I34A1,NA,5.68,16358,,11312919,,CHEMBL1134391,J. Med. Chem.,2001
ZINC000003581806,NRAM_I34A1,NA,5.8,16358,,11312919,,CHEMBL1134391,J. Med. Chem.,2001
ZINC000003588277,NRAM_I34A1,NA,9,16241,,11728184,,CHEMBL1134303,J. Med. Chem.,2001
ZINC000003826222,NRAM_I34A1,NA,7.92,14832,,9526555,,CHEMBL1131488,J. Med. Chem.,1998
ZINC000003826222,NRAM_I34A1,NA,7.92,1738,,,10.1016/0960-894X(96)00318-6,CHEMBL1159157,Bioorg. Med. Chem. Lett.,1996
ZINC000003826222,NRAM_I34A1,NA,7.92,4685,,11266166,,CHEMBL1134218,Bioorg. Med. Chem. Lett.,2001
ZINC000003826222,NRAM_I34A1,NA,7.7,14832,,9526555,,CHEMBL1131488,J. Med. Chem.,1998
ZINC000003826222,NRAM_I34A1,NA,8.52,14832,,9526555,,CHEMBL1131488,J. Med. Chem.,1998
ZINC000003826222,NRAM_I34A1,NA,8.52,1920,,,10.1016/S0960-894X(96)00542-2,CHEMBL1128946,Bioorg. Med. Chem. Lett.,1996
ZINC000003826222,NRAM_I34A1,NA,7.52,14832,,9526555,,CHEMBL1131488,J. Med. Chem.,1998
ZINC000003826222,NRAM_I34A1,NA,8.1,14832,,9526555,,CHEMBL1131488,J. Med. Chem.,1998
ZINC000003831612,NRAM_I34A1,NA,9,12718,,8126701,,CHEMBL1127812,J. Med. Chem.,1994
ZINC000003833958,NRAM_I34A1,NA,5.2,14477,,9651151,,CHEMBL1131009,J. Med. Chem.,1998
ZINC000003833963,NRAM_I34A1,NA,6.28,14477,,9651151,,CHEMBL1131009,J. Med. Chem.,1998
ZINC000003833963,NRAM_I34A1,NA,6.28,2174,,,10.1016/S0960-894X(97)00333-8,CHEMBL1130481,Bioorg. Med. Chem. Lett.,1997
ZINC000003833964,NRAM_I34A1,NA,6.21,14477,,9651151,,CHEMBL1131009,J. Med. Chem.,1998
ZINC000003833965,NRAM_I34A1,NA,9.52,14477,,9651151,,CHEMBL1131009,J. Med. Chem.,1998
ZINC000003833966,NRAM_I34A1,NA,7.05,14477,,9651151,,CHEMBL1131009,J. Med. Chem.,1998
ZINC000003833967,NRAM_I34A1,NA,5.82,14477,,9651151,,CHEMBL1131009,J. Med. Chem.,1998
ZINC000003870797,NRAM_I34A1,NA,5.4,12718,,8126701,,CHEMBL1127812,J. Med. Chem.,1994
ZINC000003870798,NRAM_I34A1,NA,5,14980,,10395473,,CHEMBL1132253,J. Med. Chem.,1999
ZINC000003870799,NRAM_I34A1,NA,5.4,12718,,8126701,,CHEMBL1127812,J. Med. Chem.,1994
ZINC000003870991,NRAM_I34A1,NA,7.4,12718,,8126701,,CHEMBL1127812,J. Med. Chem.,1994
ZINC000003870992,NRAM_I34A1,NA,7.4,12718,,8126701,,CHEMBL1127812,J. Med. Chem.,1994
ZINC000003918138,NRAM_I34A1,NA,9.11,21650,,15828835,,CHEMBL1143586,J. Med. Chem.,2005
ZINC000003918138,NRAM_I34A1,NA,8.61,21650,,15828835,,CHEMBL1143586,J. Med. Chem.,2005
ZINC000003918138,NRAM_I34A1,NA,8.49,21650,,15828835,,CHEMBL1143586,J. Med. Chem.,2005
ZINC000003918138,NRAM_I34A1,NA,9.3,16358,,11312919,,CHEMBL1134391,J. Med. Chem.,2001
ZINC000003918138,NRAM_I34A1,NA,9,14832,,9526555,,CHEMBL1131488,J. Med. Chem.,1998
ZINC000003918138,NRAM_I34A1,NA,8.81,53704,,18694948,,CHEMBL1275523,Antimicrob. Agents Chemother.,2008
ZINC000003918138,NRAM_I34A1,NA,8,14832,,9526555,,CHEMBL1131488,J. Med. Chem.,1998
ZINC000003918138,NRAM_I34A1,NA,8.7,14832,,9526555,,CHEMBL1131488,J. Med. Chem.,1998
ZINC000003918138,NRAM_I34A1,NA,8.7,16241,,11728184,,CHEMBL1134303,J. Med. Chem.,2001
ZINC000003918138,NRAM_I34A1,NA,8.7,2236,,,10.1016/S0960-894X(97)00399-5,CHEMBL1152059,Bioorg. Med. Chem. Lett.,1997
ZINC000003918138,NRAM_I34A1,NA,8.7,4685,,11266166,,CHEMBL1134218,Bioorg. Med. Chem. Lett.,2001
ZINC000003918138,NRAM_I34A1,NA,8.64,15603,,11000002,,CHEMBL1133646,J. Med. Chem.,2000
ZINC000003918138,NRAM_I34A1,NA,8.3,14833,,9526556,,CHEMBL1131489,J. Med. Chem.,1998
ZINC000003918138,NRAM_I34A1,NA,8.3,1738,,,10.1016/0960-894X(96)00318-6,CHEMBL1159157,Bioorg. Med. Chem. Lett.,1996
ZINC000003918138,NRAM_I34A1,NA,8.3,1920,,,10.1016/S0960-894X(96)00542-2,CHEMBL1128946,Bioorg. Med. Chem. Lett.,1996
ZINC000003929021,NRAM_I34A1,NA,8.7,14832,,9526555,,CHEMBL1131488,J. Med. Chem.,1998
ZINC000003929021,NRAM_I34A1,NA,8.7,14833,,9526556,,CHEMBL1131489,J. Med. Chem.,1998
ZINC000003929021,NRAM_I34A1,NA,8.7,2236,,,10.1016/S0960-894X(97)00399-5,CHEMBL1152059,Bioorg. Med. Chem. Lett.,1997
ZINC000003929021,NRAM_I34A1,NA,7.66,14832,,9526555,,CHEMBL1131488,J. Med. Chem.,1998
ZINC000003929021,NRAM_I34A1,NA,8.52,4685,,11266166,,CHEMBL1134218,Bioorg. Med. Chem. Lett.,2001
ZINC000003929021,NRAM_I34A1,NA,8.3,1920,,,10.1016/S0960-894X(96)00542-2,CHEMBL1128946,Bioorg. Med. Chem. Lett.,1996
ZINC000003929508,NRAM_I34A1,NA,9,16241,,11728184,,CHEMBL1134303,J. Med. Chem.,2001
ZINC000003929508,NRAM_I34A1,NA,8.15,53704,,18694948,,CHEMBL1275523,Antimicrob. Agents Chemother.,2008
ZINC000003929509,NRAM_I34A1,NA,9,14477,,9651151,,CHEMBL1131009,J. Med. Chem.,1998
ZINC000003929509,NRAM_I34A1,NA,9,2174,,,10.1016/S0960-894X(97)00333-8,CHEMBL1130481,Bioorg. Med. Chem. Lett.,1997
ZINC000003929509,NRAM_I34A1,NA,9,2901,,9873727,,CHEMBL1130686,Bioorg. Med. Chem. Lett.,1998
ZINC000003929509,NRAM_I34A1,NA,9,3346,,10522696,,CHEMBL1132511,Bioorg. Med. Chem. Lett.,1999
ZINC000003929509,NRAM_I34A1,NA,9,3714,,10866394,,CHEMBL1132909,Bioorg. Med. Chem. Lett.,2000
ZINC000003929509,NRAM_I34A1,NA,8.89,17591,,15214773,,CHEMBL1148343,J. Med. Chem.,2004
ZINC000003929509,NRAM_I34A1,NA,8.66,15603,,11000002,,CHEMBL1133646,J. Med. Chem.,2000
ZINC000003933030,NRAM_I34A1,NA,8.52,4685,,11266166,,CHEMBL1134218,Bioorg. Med. Chem. Lett.,2001
ZINC000003933031,NRAM_I34A1,NA,8.3,4685,,11266166,,CHEMBL1134218,Bioorg. Med. Chem. Lett.,2001
ZINC000003933032,NRAM_I34A1,NA,9.52,4685,,11266166,,CHEMBL1134218,Bioorg. Med. Chem. Lett.,2001
ZINC000003933033,NRAM_I34A1,NA,9.15,4685,,11266166,,CHEMBL1134218,Bioorg. Med. Chem. Lett.,2001
ZINC000003947885,NRAM_I34A1,NA,7.82,17786,,15055992,,CHEMBL1149138,J. Med. Chem.,2004
ZINC000003981610,NRAM_I34A1,NA,9,16241,,11728184,,CHEMBL1134303,J. Med. Chem.,2001
ZINC000003981610,NRAM_I34A1,NA,8.85,15603,,11000002,,CHEMBL1133646,J. Med. Chem.,2000
ZINC000003981685,NRAM_I34A1,NA,5.49,21285,,15943472,,CHEMBL1139539,J. Med. Chem.,2005
ZINC000003981685,NRAM_I34A1,NA,6.46,21285,,15943472,,CHEMBL1139539,J. Med. Chem.,2005
ZINC000003994907,NRAM_I34A1,NA,6.55,16358,,11312919,,CHEMBL1134391,J. Med. Chem.,2001
ZINC000004096465,NRAM_I34A1,NA,5.4,12718,,8126701,,CHEMBL1127812,J. Med. Chem.,1994
ZINC000004096465,NRAM_I34A1,NA,5,15603,,11000002,,CHEMBL1133646,J. Med. Chem.,2000
ZINC000004096465,NRAM_I34A1,NA,5.07,14833,,9526556,,CHEMBL1131489,J. Med. Chem.,1998
ZINC000004134481,NRAM_I34A1,NA,5.43,14477,,9651151,,CHEMBL1131009,J. Med. Chem.,1998
ZINC000004134482,NRAM_I34A1,NA,5.7,14477,,9651151,,CHEMBL1131009,J. Med. Chem.,1998
ZINC000004134483,NRAM_I34A1,NA,6.89,2174,,,10.1016/S0960-894X(97)00333-8,CHEMBL1130481,Bioorg. Med. Chem. Lett.,1997
ZINC000004134483,NRAM_I34A1,NA,6.74,14477,,9651151,,CHEMBL1131009,J. Med. Chem.,1998
ZINC000004134484,NRAM_I34A1,NA,6.52,14477,,9651151,,CHEMBL1131009,J. Med. Chem.,1998
ZINC000004134485,NRAM_I34A1,NA,6.7,14477,,9651151,,CHEMBL1131009,J. Med. Chem.,1998
ZINC000004134486,NRAM_I34A1,NA,8.05,14477,,9651151,,CHEMBL1131009,J. Med. Chem.,1998
ZINC000004134487,NRAM_I34A1,NA,6.7,14477,,9651151,,CHEMBL1131009,J. Med. Chem.,1998
ZINC000004134488,NRAM_I34A1,NA,6.82,14477,,9651151,,CHEMBL1131009,J. Med. Chem.,1998
ZINC000004134489,NRAM_I34A1,NA,8.52,14477,,9651151,,CHEMBL1131009,J. Med. Chem.,1998
ZINC000004134490,NRAM_I34A1,NA,9,14477,,9651151,,CHEMBL1131009,J. Med. Chem.,1998
ZINC000004134492,NRAM_I34A1,NA,7,14477,,9651151,,CHEMBL1131009,J. Med. Chem.,1998
ZINC000004134493,NRAM_I34A1,NA,8.7,14477,,9651151,,CHEMBL1131009,J. Med. Chem.,1998
ZINC000004134493,NRAM_I34A1,NA,8.74,2174,,,10.1016/S0960-894X(97)00333-8,CHEMBL1130481,Bioorg. Med. Chem. Lett.,1997
ZINC000004134494,NRAM_I34A1,NA,8.52,14477,,9651151,,CHEMBL1131009,J. Med. Chem.,1998
ZINC000004134496,NRAM_I34A1,NA,9.3,14477,,9651151,,CHEMBL1131009,J. Med. Chem.,1998
ZINC000004134497,NRAM_I34A1,NA,5.64,14477,,9651151,,CHEMBL1131009,J. Med. Chem.,1998
ZINC000004134498,NRAM_I34A1,NA,8.52,14477,,9651151,,CHEMBL1131009,J. Med. Chem.,1998
ZINC000004646290,NRAM_I34A1,NA,6.57,14477,,9651151,,CHEMBL1131009,J. Med. Chem.,1998
ZINC000004646291,NRAM_I34A1,NA,6.74,14477,,9651151,,CHEMBL1131009,J. Med. Chem.,1998
ZINC000004646292,NRAM_I34A1,NA,6.68,14477,,9651151,,CHEMBL1131009,J. Med. Chem.,1998
ZINC000004646293,NRAM_I34A1,NA,6.22,14477,,9651151,,CHEMBL1131009,J. Med. Chem.,1998
ZINC000004646294,NRAM_I34A1,NA,9,14477,,9651151,,CHEMBL1131009,J. Med. Chem.,1998
ZINC000005434455,NRAM_I34A1,NA,5.4,12718,,8126701,,CHEMBL1127812,J. Med. Chem.,1994
ZINC000005884083,NRAM_I34A1,NA,7.4,12718,,8126701,,CHEMBL1127812,J. Med. Chem.,1994
ZINC000005884083,NRAM_I34A1,NA,6.52,1920,,,10.1016/S0960-894X(96)00542-2,CHEMBL1128946,Bioorg. Med. Chem. Lett.,1996
ZINC000005884083,NRAM_I34A1,NA,6.49,14833,,9526556,,CHEMBL1131489,J. Med. Chem.,1998
ZINC000005884083,NRAM_I34A1,NA,6.49,1738,,,10.1016/0960-894X(96)00318-6,CHEMBL1159157,Bioorg. Med. Chem. Lett.,1996
ZINC000005962782,NRAM_I34A1,NA,6.59,21285,,15943472,,CHEMBL1139539,J. Med. Chem.,2005
ZINC000005962782,NRAM_I34A1,NA,7.43,21285,,15943472,,CHEMBL1139539,J. Med. Chem.,2005
ZINC000005962782,NRAM_I34A1,NA,7.39,20367,,15582424,,CHEMBL1144460,Bioorg. Med. Chem. Lett.,2005
ZINC000005962782,NRAM_I34A1,NA,5.3,21285,,15943472,,CHEMBL1139539,J. Med. Chem.,2005
ZINC000005962783,NRAM_I34A1,NA,6.39,20367,,15582424,,CHEMBL1144460,Bioorg. Med. Chem. Lett.,2005
ZINC000006380100,NRAM_I34A1,NA,7.59,14832,,9526555,,CHEMBL1131488,J. Med. Chem.,1998
ZINC000006380100,NRAM_I34A1,NA,7.55,14832,,9526555,,CHEMBL1131488,J. Med. Chem.,1998
ZINC000006380100,NRAM_I34A1,NA,8.52,14832,,9526555,,CHEMBL1131488,J. Med. Chem.,1998
ZINC000006380100,NRAM_I34A1,NA,8.4,14832,,9526555,,CHEMBL1131488,J. Med. Chem.,1998
ZINC000006380100,NRAM_I34A1,NA,8.4,1738,,,10.1016/0960-894X(96)00318-6,CHEMBL1159157,Bioorg. Med. Chem. Lett.,1996
ZINC000006380100,NRAM_I34A1,NA,8.4,1920,,,10.1016/S0960-894X(96)00542-2,CHEMBL1128946,Bioorg. Med. Chem. Lett.,1996
ZINC000006380100,NRAM_I34A1,NA,8.25,14832,,9526555,,CHEMBL1131488,J. Med. Chem.,1998
ZINC000006381741,NRAM_I34A1,NA,7.7,14832,,9526555,,CHEMBL1131488,J. Med. Chem.,1998
ZINC000006381741,NRAM_I34A1,NA,8.52,14832,,9526555,,CHEMBL1131488,J. Med. Chem.,1998
ZINC000006381741,NRAM_I34A1,NA,8.52,1920,,,10.1016/S0960-894X(96)00542-2,CHEMBL1128946,Bioorg. Med. Chem. Lett.,1996
ZINC000006381741,NRAM_I34A1,NA,7.4,14832,,9526555,,CHEMBL1131488,J. Med. Chem.,1998
ZINC000006381741,NRAM_I34A1,NA,8.3,14832,,9526555,,CHEMBL1131488,J. Med. Chem.,1998
ZINC000006381741,NRAM_I34A1,NA,7.07,14832,,9526555,,CHEMBL1131488,J. Med. Chem.,1998
ZINC000006411782,NRAM_I34A1,NA,8,14477,,9651151,,CHEMBL1131009,J. Med. Chem.,1998
ZINC000008552722,NRAM_I34A1,NA,7.92,14477,,9651151,,CHEMBL1131009,J. Med. Chem.,1998
ZINC000008566803,NRAM_I34A1,NA,5.28,21285,,15943472,,CHEMBL1139539,J. Med. Chem.,2005
ZINC000008566803,NRAM_I34A1,NA,6.21,21285,,15943472,,CHEMBL1139539,J. Med. Chem.,2005
ZINC000012404506,NRAM_I34A1,NA,7.22,14477,,9651151,,CHEMBL1131009,J. Med. Chem.,1998
ZINC000012404506,NRAM_I34A1,NA,7.22,2174,,,10.1016/S0960-894X(97)00333-8,CHEMBL1130481,Bioorg. Med. Chem. Lett.,1997
ZINC000013558595,NRAM_I34A1,NA,7,15603,,11000002,,CHEMBL1133646,J. Med. Chem.,2000
ZINC000013558595,NRAM_I34A1,NA,7.3,16241,,11728184,,CHEMBL1134303,J. Med. Chem.,2001
ZINC000013558596,NRAM_I34A1,NA,7,15603,,11000002,,CHEMBL1133646,J. Med. Chem.,2000
ZINC000013558596,NRAM_I34A1,NA,7.3,16241,,11728184,,CHEMBL1134303,J. Med. Chem.,2001
ZINC000013558596,NRAM_I34A1,NA,7.89,16241,,11728184,,CHEMBL1134303,J. Med. Chem.,2001
ZINC000013558596,NRAM_I34A1,NA,7.6,16241,,11728184,,CHEMBL1134303,J. Med. Chem.,2001
ZINC000013558597,NRAM_I34A1,NA,7,15603,,11000002,,CHEMBL1133646,J. Med. Chem.,2000
ZINC000013558597,NRAM_I34A1,NA,7.3,16241,,11728184,,CHEMBL1134303,J. Med. Chem.,2001
ZINC000013558597,NRAM_I34A1,NA,6.44,16241,,11728184,,CHEMBL1134303,J. Med. Chem.,2001
ZINC000013558597,NRAM_I34A1,NA,7.6,16241,,11728184,,CHEMBL1134303,J. Med. Chem.,2001
ZINC000013560186,NRAM_I34A1,NA,6.48,17786,,15055992,,CHEMBL1149138,J. Med. Chem.,2004
ZINC000013560187,NRAM_I34A1,NA,6.48,17786,,15055992,,CHEMBL1149138,J. Med. Chem.,2004
ZINC000013560188,NRAM_I34A1,NA,5.87,17786,,15055992,,CHEMBL1149138,J. Med. Chem.,2004
ZINC000013560189,NRAM_I34A1,NA,5.87,17786,,15055992,,CHEMBL1149138,J. Med. Chem.,2004
ZINC000013560190,NRAM_I34A1,NA,6.14,17786,,15055992,,CHEMBL1149138,J. Med. Chem.,2004
ZINC000013560191,NRAM_I34A1,NA,6.14,17786,,15055992,,CHEMBL1149138,J. Med. Chem.,2004
ZINC000013560192,NRAM_I34A1,NA,5,17786,,15055992,,CHEMBL1149138,J. Med. Chem.,2004
ZINC000013560193,NRAM_I34A1,NA,5,17786,,15055992,,CHEMBL1149138,J. Med. Chem.,2004
ZINC000013560195,NRAM_I34A1,NA,6.39,17786,,15055992,,CHEMBL1149138,J. Med. Chem.,2004
ZINC000013560196,NRAM_I34A1,NA,7.1,17786,,15055992,,CHEMBL1149138,J. Med. Chem.,2004
ZINC000013560197,NRAM_I34A1,NA,7.1,17786,,15055992,,CHEMBL1149138,J. Med. Chem.,2004
ZINC000013560199,NRAM_I34A1,NA,5.49,17786,,15055992,,CHEMBL1149138,J. Med. Chem.,2004
ZINC000013560200,NRAM_I34A1,NA,5.08,17786,,15055992,,CHEMBL1149138,J. Med. Chem.,2004
ZINC000013560201,NRAM_I34A1,NA,5.08,17786,,15055992,,CHEMBL1149138,J. Med. Chem.,2004
ZINC000013560203,NRAM_I34A1,NA,5.06,17786,,15055992,,CHEMBL1149138,J. Med. Chem.,2004
ZINC000013560205,NRAM_I34A1,NA,5.74,17786,,15055992,,CHEMBL1149138,J. Med. Chem.,2004
ZINC000013560206,NRAM_I34A1,NA,5.19,17786,,15055992,,CHEMBL1149138,J. Med. Chem.,2004
ZINC000013560207,NRAM_I34A1,NA,5.19,17786,,15055992,,CHEMBL1149138,J. Med. Chem.,2004
ZINC000013560208,NRAM_I34A1,NA,6.64,17786,,15055992,,CHEMBL1149138,J. Med. Chem.,2004
ZINC000013560209,NRAM_I34A1,NA,6.64,17786,,15055992,,CHEMBL1149138,J. Med. Chem.,2004
ZINC000013560211,NRAM_I34A1,NA,5.36,17786,,15055992,,CHEMBL1149138,J. Med. Chem.,2004
ZINC000013560213,NRAM_I34A1,NA,5.66,17786,,15055992,,CHEMBL1149138,J. Med. Chem.,2004
ZINC000013560214,NRAM_I34A1,NA,6.03,17786,,15055992,,CHEMBL1149138,J. Med. Chem.,2004
ZINC000013560215,NRAM_I34A1,NA,6.03,17786,,15055992,,CHEMBL1149138,J. Med. Chem.,2004
ZINC000013560216,NRAM_I34A1,NA,5.49,17786,,15055992,,CHEMBL1149138,J. Med. Chem.,2004
ZINC000013560217,NRAM_I34A1,NA,5.49,17786,,15055992,,CHEMBL1149138,J. Med. Chem.,2004
ZINC000013560218,NRAM_I34A1,NA,6.19,17786,,15055992,,CHEMBL1149138,J. Med. Chem.,2004
ZINC000013560219,NRAM_I34A1,NA,6.19,17786,,15055992,,CHEMBL1149138,J. Med. Chem.,2004
ZINC000013560220,NRAM_I34A1,NA,5.62,17786,,15055992,,CHEMBL1149138,J. Med. Chem.,2004
ZINC000013560221,NRAM_I34A1,NA,5.62,17786,,15055992,,CHEMBL1149138,J. Med. Chem.,2004
ZINC000013560224,NRAM_I34A1,NA,5.1,17786,,15055992,,CHEMBL1149138,J. Med. Chem.,2004
ZINC000013560225,NRAM_I34A1,NA,5.1,17786,,15055992,,CHEMBL1149138,J. Med. Chem.,2004
ZINC000013560226,NRAM_I34A1,NA,8.15,17786,,15055992,,CHEMBL1149138,J. Med. Chem.,2004
ZINC000013560226,NRAM_I34A1,NA,7.82,17786,,15055992,,CHEMBL1149138,J. Med. Chem.,2004
ZINC000013560227,NRAM_I34A1,NA,8.15,17786,,15055992,,CHEMBL1149138,J. Med. Chem.,2004
ZINC000013560227,NRAM_I34A1,NA,7.82,17786,,15055992,,CHEMBL1149138,J. Med. Chem.,2004
ZINC000013560228,NRAM_I34A1,NA,6.89,17786,,15055992,,CHEMBL1149138,J. Med. Chem.,2004
ZINC000013560229,NRAM_I34A1,NA,6.89,17786,,15055992,,CHEMBL1149138,J. Med. Chem.,2004
ZINC000013560230,NRAM_I34A1,NA,6.37,17786,,15055992,,CHEMBL1149138,J. Med. Chem.,2004
ZINC000013560231,NRAM_I34A1,NA,6.37,17786,,15055992,,CHEMBL1149138,J. Med. Chem.,2004
ZINC000013560232,NRAM_I34A1,NA,6.17,17786,,15055992,,CHEMBL1149138,J. Med. Chem.,2004
ZINC000013560233,NRAM_I34A1,NA,6.17,17786,,15055992,,CHEMBL1149138,J. Med. Chem.,2004
ZINC000013560234,NRAM_I34A1,NA,6.14,17786,,15055992,,CHEMBL1149138,J. Med. Chem.,2004
ZINC000013560235,NRAM_I34A1,NA,6.14,17786,,15055992,,CHEMBL1149138,J. Med. Chem.,2004
ZINC000013560236,NRAM_I34A1,NA,6.7,17786,,15055992,,CHEMBL1149138,J. Med. Chem.,2004
ZINC000013560237,NRAM_I34A1,NA,6.7,17786,,15055992,,CHEMBL1149138,J. Med. Chem.,2004
ZINC000013560238,NRAM_I34A1,NA,7.22,17786,,15055992,,CHEMBL1149138,J. Med. Chem.,2004
ZINC000013560239,NRAM_I34A1,NA,7.22,17786,,15055992,,CHEMBL1149138,J. Med. Chem.,2004
ZINC000013560240,NRAM_I34A1,NA,6.04,17786,,15055992,,CHEMBL1149138,J. Med. Chem.,2004
ZINC000013560241,NRAM_I34A1,NA,6.04,17786,,15055992,,CHEMBL1149138,J. Med. Chem.,2004
ZINC000013560242,NRAM_I34A1,NA,6.33,17786,,15055992,,CHEMBL1149138,J. Med. Chem.,2004
ZINC000013560243,NRAM_I34A1,NA,6.33,17786,,15055992,,CHEMBL1149138,J. Med. Chem.,2004
ZINC000013560244,NRAM_I34A1,NA,6.82,17786,,15055992,,CHEMBL1149138,J. Med. Chem.,2004
ZINC000013560245,NRAM_I34A1,NA,6.82,17786,,15055992,,CHEMBL1149138,J. Med. Chem.,2004
ZINC000013560246,NRAM_I34A1,NA,6,17786,,15055992,,CHEMBL1149138,J. Med. Chem.,2004
ZINC000013560247,NRAM_I34A1,NA,6,17786,,15055992,,CHEMBL1149138,J. Med. Chem.,2004
ZINC000013560248,NRAM_I34A1,NA,6.62,17786,,15055992,,CHEMBL1149138,J. Med. Chem.,2004
ZINC000013560249,NRAM_I34A1,NA,6.62,17786,,15055992,,CHEMBL1149138,J. Med. Chem.,2004
ZINC000013560250,NRAM_I34A1,NA,6.74,17786,,15055992,,CHEMBL1149138,J. Med. Chem.,2004
ZINC000013560252,NRAM_I34A1,NA,6.82,17786,,15055992,,CHEMBL1149138,J. Med. Chem.,2004
ZINC000013560254,NRAM_I34A1,NA,5.59,17786,,15055992,,CHEMBL1149138,J. Med. Chem.,2004
ZINC000013560255,NRAM_I34A1,NA,5.59,17786,,15055992,,CHEMBL1149138,J. Med. Chem.,2004
ZINC000013560256,NRAM_I34A1,NA,5.09,17786,,15055992,,CHEMBL1149138,J. Med. Chem.,2004
ZINC000013560257,NRAM_I34A1,NA,5.09,17786,,15055992,,CHEMBL1149138,J. Med. Chem.,2004
ZINC000013560258,NRAM_I34A1,NA,5.46,17786,,15055992,,CHEMBL1149138,J. Med. Chem.,2004
ZINC000013560259,NRAM_I34A1,NA,5.46,17786,,15055992,,CHEMBL1149138,J. Med. Chem.,2004
ZINC000013560260,NRAM_I34A1,NA,7.4,17786,,15055992,,CHEMBL1149138,J. Med. Chem.,2004
ZINC000013560261,NRAM_I34A1,NA,7.4,17786,,15055992,,CHEMBL1149138,J. Med. Chem.,2004
ZINC000013560262,NRAM_I34A1,NA,6.64,17786,,15055992,,CHEMBL1149138,J. Med. Chem.,2004
ZINC000013560263,NRAM_I34A1,NA,6.64,17786,,15055992,,CHEMBL1149138,J. Med. Chem.,2004
ZINC000013560264,NRAM_I34A1,NA,7.1,17786,,15055992,,CHEMBL1149138,J. Med. Chem.,2004
ZINC000013560265,NRAM_I34A1,NA,7.1,17786,,15055992,,CHEMBL1149138,J. Med. Chem.,2004
ZINC000013560266,NRAM_I34A1,NA,5.8,17786,,15055992,,CHEMBL1149138,J. Med. Chem.,2004
ZINC000013560267,NRAM_I34A1,NA,5.8,17786,,15055992,,CHEMBL1149138,J. Med. Chem.,2004
ZINC000013560268,NRAM_I34A1,NA,6.33,17786,,15055992,,CHEMBL1149138,J. Med. Chem.,2004
ZINC000013560269,NRAM_I34A1,NA,6.33,17786,,15055992,,CHEMBL1149138,J. Med. Chem.,2004
ZINC000013560270,NRAM_I34A1,NA,5.31,17786,,15055992,,CHEMBL1149138,J. Med. Chem.,2004
ZINC000013560271,NRAM_I34A1,NA,5.31,17786,,15055992,,CHEMBL1149138,J. Med. Chem.,2004
ZINC000013604075,NRAM_I34A1,NA,7.4,12718,,8126701,,CHEMBL1127812,J. Med. Chem.,1994
ZINC000013645212,NRAM_I34A1,NA,6.51,21285,,15943472,,CHEMBL1139539,J. Med. Chem.,2005
ZINC000013645212,NRAM_I34A1,NA,5.43,21285,,15943472,,CHEMBL1139539,J. Med. Chem.,2005
ZINC000013645215,NRAM_I34A1,NA,6.46,21285,,15943472,,CHEMBL1139539,J. Med. Chem.,2005
ZINC000013645218,NRAM_I34A1,NA,7.35,21285,,15943472,,CHEMBL1139539,J. Med. Chem.,2005
ZINC000013645218,NRAM_I34A1,NA,6.3,21285,,15943472,,CHEMBL1139539,J. Med. Chem.,2005
ZINC000013645221,NRAM_I34A1,NA,6.57,21285,,15943472,,CHEMBL1139539,J. Med. Chem.,2005
ZINC000013645221,NRAM_I34A1,NA,5.03,21285,,15943472,,CHEMBL1139539,J. Med. Chem.,2005
ZINC000013645225,NRAM_I34A1,NA,6.82,21285,,15943472,,CHEMBL1139539,J. Med. Chem.,2005
ZINC000013645225,NRAM_I34A1,NA,5.82,21285,,15943472,,CHEMBL1139539,J. Med. Chem.,2005
ZINC000013645228,NRAM_I34A1,NA,6.52,21285,,15943472,,CHEMBL1139539,J. Med. Chem.,2005
ZINC000013645228,NRAM_I34A1,NA,5.07,21285,,15943472,,CHEMBL1139539,J. Med. Chem.,2005
ZINC000013645231,NRAM_I34A1,NA,7.7,21285,,15943472,,CHEMBL1139539,J. Med. Chem.,2005
ZINC000013645231,NRAM_I34A1,NA,6.1,21285,,15943472,,CHEMBL1139539,J. Med. Chem.,2005
ZINC000013645234,NRAM_I34A1,NA,5.72,21285,,15943472,,CHEMBL1139539,J. Med. Chem.,2005
ZINC000013645234,NRAM_I34A1,NA,6.41,21285,,15943472,,CHEMBL1139539,J. Med. Chem.,2005
ZINC000013645237,NRAM_I34A1,NA,5.62,21285,,15943472,,CHEMBL1139539,J. Med. Chem.,2005
ZINC000013645237,NRAM_I34A1,NA,6.38,21285,,15943472,,CHEMBL1139539,J. Med. Chem.,2005
ZINC000013645240,NRAM_I34A1,NA,7.12,21285,,15943472,,CHEMBL1139539,J. Med. Chem.,2005
ZINC000013645240,NRAM_I34A1,NA,6.1,21285,,15943472,,CHEMBL1139539,J. Med. Chem.,2005
ZINC000013645243,NRAM_I34A1,NA,5.52,21285,,15943472,,CHEMBL1139539,J. Med. Chem.,2005
ZINC000013778721,NRAM_I34A1,NA,6.3,14832,,9526555,,CHEMBL1131488,J. Med. Chem.,1998
ZINC000013778721,NRAM_I34A1,NA,6.3,1738,,,10.1016/0960-894X(96)00318-6,CHEMBL1159157,Bioorg. Med. Chem. Lett.,1996
ZINC000013778721,NRAM_I34A1,NA,6.3,1920,,,10.1016/S0960-894X(96)00542-2,CHEMBL1128946,Bioorg. Med. Chem. Lett.,1996
ZINC000013778723,NRAM_I34A1,NA,5.62,14832,,9526555,,CHEMBL1131488,J. Med. Chem.,1998
ZINC000013778723,NRAM_I34A1,NA,5.62,1920,,,10.1016/S0960-894X(96)00542-2,CHEMBL1128946,Bioorg. Med. Chem. Lett.,1996
ZINC000013778726,NRAM_I34A1,NA,7.6,14832,,9526555,,CHEMBL1131488,J. Med. Chem.,1998
ZINC000013778726,NRAM_I34A1,NA,7.6,1920,,,10.1016/S0960-894X(96)00542-2,CHEMBL1128946,Bioorg. Med. Chem. Lett.,1996
ZINC000013778727,NRAM_I34A1,NA,6.96,14832,,9526555,,CHEMBL1131488,J. Med. Chem.,1998
ZINC000013778727,NRAM_I34A1,NA,6.74,14832,,9526555,,CHEMBL1131488,J. Med. Chem.,1998
ZINC000013778727,NRAM_I34A1,NA,6.74,1738,,,10.1016/0960-894X(96)00318-6,CHEMBL1159157,Bioorg. Med. Chem. Lett.,1996
ZINC000013778727,NRAM_I34A1,NA,6.74,1920,,,10.1016/S0960-894X(96)00542-2,CHEMBL1128946,Bioorg. Med. Chem. Lett.,1996
ZINC000013778727,NRAM_I34A1,NA,5.43,14832,,9526555,,CHEMBL1131488,J. Med. Chem.,1998
ZINC000013778727,NRAM_I34A1,NA,5.33,14832,,9526555,,CHEMBL1131488,J. Med. Chem.,1998
ZINC000013778730,NRAM_I34A1,NA,6.96,14832,,9526555,,CHEMBL1131488,J. Med. Chem.,1998
ZINC000013778730,NRAM_I34A1,NA,6.92,14832,,9526555,,CHEMBL1131488,J. Med. Chem.,1998
ZINC000013778730,NRAM_I34A1,NA,5.8,14832,,9526555,,CHEMBL1131488,J. Med. Chem.,1998
ZINC000013778730,NRAM_I34A1,NA,5.55,14832,,9526555,,CHEMBL1131488,J. Med. Chem.,1998
ZINC000013778730,NRAM_I34A1,NA,7.46,14832,,9526555,,CHEMBL1131488,J. Med. Chem.,1998
ZINC000013778730,NRAM_I34A1,NA,8.3,14832,,9526555,,CHEMBL1131488,J. Med. Chem.,1998
ZINC000013778730,NRAM_I34A1,NA,8.22,14832,,9526555,,CHEMBL1131488,J. Med. Chem.,1998
ZINC000013778733,NRAM_I34A1,NA,6.96,14832,,9526555,,CHEMBL1131488,J. Med. Chem.,1998
ZINC000013778733,NRAM_I34A1,NA,6.92,14832,,9526555,,CHEMBL1131488,J. Med. Chem.,1998
ZINC000013778733,NRAM_I34A1,NA,5.8,14832,,9526555,,CHEMBL1131488,J. Med. Chem.,1998
ZINC000013778733,NRAM_I34A1,NA,5.55,14832,,9526555,,CHEMBL1131488,J. Med. Chem.,1998
ZINC000013778733,NRAM_I34A1,NA,7.46,14832,,9526555,,CHEMBL1131488,J. Med. Chem.,1998
ZINC000013778733,NRAM_I34A1,NA,8.3,14832,,9526555,,CHEMBL1131488,J. Med. Chem.,1998
ZINC000013778733,NRAM_I34A1,NA,8.22,14832,,9526555,,CHEMBL1131488,J. Med. Chem.,1998
ZINC000013778736,NRAM_I34A1,NA,6.96,14832,,9526555,,CHEMBL1131488,J. Med. Chem.,1998
ZINC000013778736,NRAM_I34A1,NA,6.92,14832,,9526555,,CHEMBL1131488,J. Med. Chem.,1998
ZINC000013778736,NRAM_I34A1,NA,5.8,14832,,9526555,,CHEMBL1131488,J. Med. Chem.,1998
ZINC000013778736,NRAM_I34A1,NA,5.55,14832,,9526555,,CHEMBL1131488,J. Med. Chem.,1998
ZINC000013778736,NRAM_I34A1,NA,7.46,14832,,9526555,,CHEMBL1131488,J. Med. Chem.,1998
ZINC000013778736,NRAM_I34A1,NA,8.3,14832,,9526555,,CHEMBL1131488,J. Med. Chem.,1998
ZINC000013778736,NRAM_I34A1,NA,8.22,14832,,9526555,,CHEMBL1131488,J. Med. Chem.,1998
ZINC000013778738,NRAM_I34A1,NA,7,14832,,9526555,,CHEMBL1131488,J. Med. Chem.,1998
ZINC000013778738,NRAM_I34A1,NA,6.35,14832,,9526555,,CHEMBL1131488,J. Med. Chem.,1998
ZINC000013778738,NRAM_I34A1,NA,6.35,1920,,,10.1016/S0960-894X(96)00542-2,CHEMBL1128946,Bioorg. Med. Chem. Lett.,1996
ZINC000013778738,NRAM_I34A1,NA,5.23,14832,,9526555,,CHEMBL1131488,J. Med. Chem.,1998
ZINC000013778740,NRAM_I34A1,NA,7.4,14832,,9526555,,CHEMBL1131488,J. Med. Chem.,1998
ZINC000013778742,NRAM_I34A1,NA,8.7,14832,,9526555,,CHEMBL1131488,J. Med. Chem.,1998
ZINC000013778742,NRAM_I34A1,NA,8.7,1738,,,10.1016/0960-894X(96)00318-6,CHEMBL1159157,Bioorg. Med. Chem. Lett.,1996
ZINC000013778742,NRAM_I34A1,NA,8.7,1920,,,10.1016/S0960-894X(96)00542-2,CHEMBL1128946,Bioorg. Med. Chem. Lett.,1996
ZINC000013778743,NRAM_I34A1,NA,9,14832,,9526555,,CHEMBL1131488,J. Med. Chem.,1998
ZINC000013778743,NRAM_I34A1,NA,9,1920,,,10.1016/S0960-894X(96)00542-2,CHEMBL1128946,Bioorg. Med. Chem. Lett.,1996
ZINC000013778746,NRAM_I34A1,NA,8.52,14832,,9526555,,CHEMBL1131488,J. Med. Chem.,1998
ZINC000013778746,NRAM_I34A1,NA,8.52,1920,,,10.1016/S0960-894X(96)00542-2,CHEMBL1128946,Bioorg. Med. Chem. Lett.,1996
ZINC000013778747,NRAM_I34A1,NA,8.4,14832,,9526555,,CHEMBL1131488,J. Med. Chem.,1998
ZINC000013778747,NRAM_I34A1,NA,8.4,1920,,,10.1016/S0960-894X(96)00542-2,CHEMBL1128946,Bioorg. Med. Chem. Lett.,1996
ZINC000013778750,NRAM_I34A1,NA,5.38,14832,,9526555,,CHEMBL1131488,J. Med. Chem.,1998
ZINC000013778752,NRAM_I34A1,NA,8.3,14832,,9526555,,CHEMBL1131488,J. Med. Chem.,1998
ZINC000013778752,NRAM_I34A1,NA,8.3,1920,,,10.1016/S0960-894X(96)00542-2,CHEMBL1128946,Bioorg. Med. Chem. Lett.,1996
ZINC000013778754,NRAM_I34A1,NA,7.74,14832,,9526555,,CHEMBL1131488,J. Med. Chem.,1998
ZINC000013778759,NRAM_I34A1,NA,6.49,14832,,9526555,,CHEMBL1131488,J. Med. Chem.,1998
ZINC000013778759,NRAM_I34A1,NA,6.49,14833,,9526556,,CHEMBL1131489,J. Med. Chem.,1998
ZINC000013778759,NRAM_I34A1,NA,6.49,1920,,,10.1016/S0960-894X(96)00542-2,CHEMBL1128946,Bioorg. Med. Chem. Lett.,1996
ZINC000013778761,NRAM_I34A1,NA,8.3,14832,,9526555,,CHEMBL1131488,J. Med. Chem.,1998
ZINC000013778761,NRAM_I34A1,NA,8.3,14833,,9526556,,CHEMBL1131489,J. Med. Chem.,1998
ZINC000013778761,NRAM_I34A1,NA,8.3,1920,,,10.1016/S0960-894X(96)00542-2,CHEMBL1128946,Bioorg. Med. Chem. Lett.,1996
ZINC000013778766,NRAM_I34A1,NA,8.05,14832,,9526555,,CHEMBL1131488,J. Med. Chem.,1998
ZINC000013778770,NRAM_I34A1,NA,7.92,14832,,9526555,,CHEMBL1131488,J. Med. Chem.,1998
ZINC000013778771,NRAM_I34A1,NA,7.85,14832,,9526555,,CHEMBL1131488,J. Med. Chem.,1998
ZINC000013778771,NRAM_I34A1,NA,7.85,14833,,9526556,,CHEMBL1131489,J. Med. Chem.,1998
ZINC000013778773,NRAM_I34A1,NA,8.1,14832,,9526555,,CHEMBL1131488,J. Med. Chem.,1998
ZINC000013778777,NRAM_I34A1,NA,7.34,14832,,9526555,,CHEMBL1131488,J. Med. Chem.,1998
ZINC000013778779,NRAM_I34A1,NA,5.52,14832,,9526555,,CHEMBL1131488,J. Med. Chem.,1998
ZINC000013778781,NRAM_I34A1,NA,8.1,14832,,9526555,,CHEMBL1131488,J. Med. Chem.,1998
ZINC000013778782,NRAM_I34A1,NA,8.05,14832,,9526555,,CHEMBL1131488,J. Med. Chem.,1998
ZINC000013778783,NRAM_I34A1,NA,8.3,14832,,9526555,,CHEMBL1131488,J. Med. Chem.,1998
ZINC000013778784,NRAM_I34A1,NA,8.52,14832,,9526555,,CHEMBL1131488,J. Med. Chem.,1998
ZINC000013778785,NRAM_I34A1,NA,8.7,14832,,9526555,,CHEMBL1131488,J. Med. Chem.,1998
ZINC000013778785,NRAM_I34A1,NA,8.52,1920,,,10.1016/S0960-894X(96)00542-2,CHEMBL1128946,Bioorg. Med. Chem. Lett.,1996
ZINC000013778788,NRAM_I34A1,NA,8.22,14832,,9526555,,CHEMBL1131488,J. Med. Chem.,1998
ZINC000013778790,NRAM_I34A1,NA,7.92,14832,,9526555,,CHEMBL1131488,J. Med. Chem.,1998
ZINC000013778791,NRAM_I34A1,NA,6.57,14832,,9526555,,CHEMBL1131488,J. Med. Chem.,1998
ZINC000013778792,NRAM_I34A1,NA,8.05,14832,,9526555,,CHEMBL1131488,J. Med. Chem.,1998
ZINC000013778793,NRAM_I34A1,NA,8.7,14832,,9526555,,CHEMBL1131488,J. Med. Chem.,1998
ZINC000013778794,NRAM_I34A1,NA,5.54,14832,,9526555,,CHEMBL1131488,J. Med. Chem.,1998
ZINC000013778796,NRAM_I34A1,NA,6.51,14832,,9526555,,CHEMBL1131488,J. Med. Chem.,1998
ZINC000013778798,NRAM_I34A1,NA,6.51,14832,,9526555,,CHEMBL1131488,J. Med. Chem.,1998
ZINC000013778800,NRAM_I34A1,NA,6.54,14832,,9526555,,CHEMBL1131488,J. Med. Chem.,1998
ZINC000013778801,NRAM_I34A1,NA,6.68,14832,,9526555,,CHEMBL1131488,J. Med. Chem.,1998
ZINC000013778801,NRAM_I34A1,NA,7.28,14832,,9526555,,CHEMBL1131488,J. Med. Chem.,1998
ZINC000013778802,NRAM_I34A1,NA,6.68,14832,,9526555,,CHEMBL1131488,J. Med. Chem.,1998
ZINC000013778802,NRAM_I34A1,NA,7.28,14832,,9526555,,CHEMBL1131488,J. Med. Chem.,1998
ZINC000013780042,NRAM_I34A1,NA,7.8,14477,,9651151,,CHEMBL1131009,J. Med. Chem.,1998
ZINC000013780043,NRAM_I34A1,NA,9,14477,,9651151,,CHEMBL1131009,J. Med. Chem.,1998
ZINC000013780049,NRAM_I34A1,NA,9.3,14477,,9651151,,CHEMBL1131009,J. Med. Chem.,1998
ZINC000013802889,NRAM_I34A1,NA,5.77,15264,,10602699,,CHEMBL1132693,J. Med. Chem.,1999
ZINC000013802891,NRAM_I34A1,NA,6.51,15264,,10602699,,CHEMBL1132693,J. Med. Chem.,1999
ZINC000013802893,NRAM_I34A1,NA,9.41,15264,,10602699,,CHEMBL1132693,J. Med. Chem.,1999
ZINC000013802894,NRAM_I34A1,NA,5.8,15264,,10602699,,CHEMBL1132693,J. Med. Chem.,1999
ZINC000013802896,NRAM_I34A1,NA,9.19,15264,,10602699,,CHEMBL1132693,J. Med. Chem.,1999
ZINC000013802898,NRAM_I34A1,NA,6.04,15264,,10602699,,CHEMBL1132693,J. Med. Chem.,1999
ZINC000013802900,NRAM_I34A1,NA,8.48,15264,,10602699,,CHEMBL1132693,J. Med. Chem.,1999
ZINC000013802902,NRAM_I34A1,NA,9.89,15264,,10602699,,CHEMBL1132693,J. Med. Chem.,1999
ZINC000013802904,NRAM_I34A1,NA,9.19,15264,,10602699,,CHEMBL1132693,J. Med. Chem.,1999
ZINC000013802906,NRAM_I34A1,NA,7.4,15264,,10602699,,CHEMBL1132693,J. Med. Chem.,1999
ZINC000013802907,NRAM_I34A1,NA,7.4,15264,,10602699,,CHEMBL1132693,J. Med. Chem.,1999
ZINC000013802909,NRAM_I34A1,NA,7,15264,,10602699,,CHEMBL1132693,J. Med. Chem.,1999
ZINC000013802910,NRAM_I34A1,NA,7,15264,,10602699,,CHEMBL1132693,J. Med. Chem.,1999
ZINC000013802912,NRAM_I34A1,NA,5,15264,,10602699,,CHEMBL1132693,J. Med. Chem.,1999
ZINC000013802914,NRAM_I34A1,NA,5,15264,,10602699,,CHEMBL1132693,J. Med. Chem.,1999
ZINC000013802915,NRAM_I34A1,NA,5.4,15264,,10602699,,CHEMBL1132693,J. Med. Chem.,1999
ZINC000013802917,NRAM_I34A1,NA,5.4,15264,,10602699,,CHEMBL1132693,J. Med. Chem.,1999
ZINC000013802919,NRAM_I34A1,NA,9,15264,,10602699,,CHEMBL1132693,J. Med. Chem.,1999
ZINC000013802921,NRAM_I34A1,NA,9,15264,,10602699,,CHEMBL1132693,J. Med. Chem.,1999
ZINC000013828169,NRAM_I34A1,NA,9,12718,,8126701,,CHEMBL1127812,J. Med. Chem.,1994
ZINC000013904528,NRAM_I34A1,NA,5.38,48644,,20014777,,CHEMBL1154750,J. Med. Chem.,2010
ZINC000013975781,NRAM_I34A1,NA,7.82,17786,,15055992,,CHEMBL1149138,J. Med. Chem.,2004
ZINC000014944714,NRAM_I34A1,NA,7.64,14832,,9526555,,CHEMBL1131488,J. Med. Chem.,1998
ZINC000014944714,NRAM_I34A1,NA,7.64,1920,,,10.1016/S0960-894X(96)00542-2,CHEMBL1128946,Bioorg. Med. Chem. Lett.,1996
ZINC000014944716,NRAM_I34A1,NA,8.15,14832,,9526555,,CHEMBL1131488,J. Med. Chem.,1998
ZINC000014944895,NRAM_I34A1,NA,5.7,2174,,,10.1016/S0960-894X(97)00333-8,CHEMBL1130481,Bioorg. Med. Chem. Lett.,1997
ZINC000014944896,NRAM_I34A1,NA,6.65,2174,,,10.1016/S0960-894X(97)00333-8,CHEMBL1130481,Bioorg. Med. Chem. Lett.,1997
ZINC000014944897,NRAM_I34A1,NA,5.66,2174,,,10.1016/S0960-894X(97)00333-8,CHEMBL1130481,Bioorg. Med. Chem. Lett.,1997
ZINC000014944898,NRAM_I34A1,NA,7.66,2174,,,10.1016/S0960-894X(97)00333-8,CHEMBL1130481,Bioorg. Med. Chem. Lett.,1997
ZINC000014944899,NRAM_I34A1,NA,5.85,2174,,,10.1016/S0960-894X(97)00333-8,CHEMBL1130481,Bioorg. Med. Chem. Lett.,1997
ZINC000014944900,NRAM_I34A1,NA,5.82,2174,,,10.1016/S0960-894X(97)00333-8,CHEMBL1130481,Bioorg. Med. Chem. Lett.,1997
ZINC000014944902,NRAM_I34A1,NA,6.85,2174,,,10.1016/S0960-894X(97)00333-8,CHEMBL1130481,Bioorg. Med. Chem. Lett.,1997
ZINC000014944903,NRAM_I34A1,NA,8.34,2174,,,10.1016/S0960-894X(97)00333-8,CHEMBL1130481,Bioorg. Med. Chem. Lett.,1997
ZINC000014944904,NRAM_I34A1,NA,7.19,2901,,9873727,,CHEMBL1130686,Bioorg. Med. Chem. Lett.,1998
ZINC000014944905,NRAM_I34A1,NA,6.74,2901,,9873727,,CHEMBL1130686,Bioorg. Med. Chem. Lett.,1998
ZINC000014944906,NRAM_I34A1,NA,7,2901,,9873727,,CHEMBL1130686,Bioorg. Med. Chem. Lett.,1998
ZINC000014944907,NRAM_I34A1,NA,6.7,2901,,9873727,,CHEMBL1130686,Bioorg. Med. Chem. Lett.,1998
ZINC000014944908,NRAM_I34A1,NA,7.05,2901,,9873727,,CHEMBL1130686,Bioorg. Med. Chem. Lett.,1998
ZINC000014944909,NRAM_I34A1,NA,7.07,2901,,9873727,,CHEMBL1130686,Bioorg. Med. Chem. Lett.,1998
ZINC000014944910,NRAM_I34A1,NA,7.92,2901,,9873727,,CHEMBL1130686,Bioorg. Med. Chem. Lett.,1998
ZINC000014944911,NRAM_I34A1,NA,6.7,2901,,9873727,,CHEMBL1130686,Bioorg. Med. Chem. Lett.,1998
ZINC000014944912,NRAM_I34A1,NA,5.57,2901,,9873727,,CHEMBL1130686,Bioorg. Med. Chem. Lett.,1998
ZINC000014944913,NRAM_I34A1,NA,5.19,2901,,9873727,,CHEMBL1130686,Bioorg. Med. Chem. Lett.,1998
ZINC000014944915,NRAM_I34A1,NA,5.4,2901,,9873727,,CHEMBL1130686,Bioorg. Med. Chem. Lett.,1998
ZINC000014944922,NRAM_I34A1,NA,5.94,3346,,10522696,,CHEMBL1132511,Bioorg. Med. Chem. Lett.,1999
ZINC000014944924,NRAM_I34A1,NA,6.35,3346,,10522696,,CHEMBL1132511,Bioorg. Med. Chem. Lett.,1999
ZINC000014944926,NRAM_I34A1,NA,7.4,3346,,10522696,,CHEMBL1132511,Bioorg. Med. Chem. Lett.,1999
ZINC000014944928,NRAM_I34A1,NA,7.52,3346,,10522696,,CHEMBL1132511,Bioorg. Med. Chem. Lett.,1999
ZINC000014944930,NRAM_I34A1,NA,6,3714,,10866394,,CHEMBL1132909,Bioorg. Med. Chem. Lett.,2000
ZINC000014944932,NRAM_I34A1,NA,6.51,3714,,10866394,,CHEMBL1132909,Bioorg. Med. Chem. Lett.,2000
ZINC000014944934,NRAM_I34A1,NA,7.6,3714,,10866394,,CHEMBL1132909,Bioorg. Med. Chem. Lett.,2000
ZINC000014944936,NRAM_I34A1,NA,7.46,3714,,10866394,,CHEMBL1132909,Bioorg. Med. Chem. Lett.,2000
ZINC000014944938,NRAM_I34A1,NA,7.59,3714,,10866394,,CHEMBL1132909,Bioorg. Med. Chem. Lett.,2000
ZINC000014944940,NRAM_I34A1,NA,7.12,3714,,10866394,,CHEMBL1132909,Bioorg. Med. Chem. Lett.,2000
ZINC000014944942,NRAM_I34A1,NA,6.58,3714,,10866394,,CHEMBL1132909,Bioorg. Med. Chem. Lett.,2000
ZINC000014944943,NRAM_I34A1,NA,6.59,3714,,10866394,,CHEMBL1132909,Bioorg. Med. Chem. Lett.,2000
ZINC000014944948,NRAM_I34A1,NA,7.29,3714,,10866394,,CHEMBL1132909,Bioorg. Med. Chem. Lett.,2000
ZINC000014944950,NRAM_I34A1,NA,7.28,3714,,10866394,,CHEMBL1132909,Bioorg. Med. Chem. Lett.,2000
ZINC000014944952,NRAM_I34A1,NA,7.4,3714,,10866394,,CHEMBL1132909,Bioorg. Med. Chem. Lett.,2000
ZINC000014944958,NRAM_I34A1,NA,8.1,3714,,10866394,,CHEMBL1132909,Bioorg. Med. Chem. Lett.,2000
ZINC000023357831,NRAM_I34A1,NA,5.72,3714,,10866394,,CHEMBL1132909,Bioorg. Med. Chem. Lett.,2000
ZINC000026284236,NRAM_I34A1,NA,9.11,21650,,15828835,,CHEMBL1143586,J. Med. Chem.,2005
ZINC000026284236,NRAM_I34A1,NA,8.61,21650,,15828835,,CHEMBL1143586,J. Med. Chem.,2005
ZINC000026284236,NRAM_I34A1,NA,8.49,21650,,15828835,,CHEMBL1143586,J. Med. Chem.,2005
ZINC000026293754,NRAM_I34A1,NA,6.48,2236,,,10.1016/S0960-894X(97)00399-5,CHEMBL1152059,Bioorg. Med. Chem. Lett.,1997
ZINC000026294400,NRAM_I34A1,NA,7.15,2236,,,10.1016/S0960-894X(97)00399-5,CHEMBL1152059,Bioorg. Med. Chem. Lett.,1997
ZINC000026739500,NRAM_I34A1,NA,5.15,1920,,,10.1016/S0960-894X(96)00542-2,CHEMBL1128946,Bioorg. Med. Chem. Lett.,1996
ZINC000026748461,NRAM_I34A1,NA,7.8,1920,,,10.1016/S0960-894X(96)00542-2,CHEMBL1128946,Bioorg. Med. Chem. Lett.,1996
ZINC000027094262,NRAM_I34A1,NA,5.79,17591,,15214773,,CHEMBL1148343,J. Med. Chem.,2004
ZINC000027104122,NRAM_I34A1,NA,7,15603,,11000002,,CHEMBL1133646,J. Med. Chem.,2000
ZINC000027104122,NRAM_I34A1,NA,7.3,16241,,11728184,,CHEMBL1134303,J. Med. Chem.,2001
ZINC000027735138,NRAM_I34A1,NA,8.15,4685,,11266166,,CHEMBL1134218,Bioorg. Med. Chem. Lett.,2001
ZINC000027736274,NRAM_I34A1,NA,6.62,4685,,11266166,,CHEMBL1134218,Bioorg. Med. Chem. Lett.,2001
ZINC000027736353,NRAM_I34A1,NA,7.3,4685,,11266166,,CHEMBL1134218,Bioorg. Med. Chem. Lett.,2001
ZINC000027736585,NRAM_I34A1,NA,5.52,4685,,11266166,,CHEMBL1134218,Bioorg. Med. Chem. Lett.,2001
ZINC000027740310,NRAM_I34A1,NA,6.38,4685,,11266166,,CHEMBL1134218,Bioorg. Med. Chem. Lett.,2001
ZINC000027740538,NRAM_I34A1,NA,7.77,4685,,11266166,,CHEMBL1134218,Bioorg. Med. Chem. Lett.,2001
ZINC000027744743,NRAM_I34A1,NA,8.15,4685,,11266166,,CHEMBL1134218,Bioorg. Med. Chem. Lett.,2001
ZINC000027744752,NRAM_I34A1,NA,6.85,4685,,11266166,,CHEMBL1134218,Bioorg. Med. Chem. Lett.,2001
ZINC000027883898,NRAM_I34A1,NA,6.54,14832,,9526555,,CHEMBL1131488,J. Med. Chem.,1998
ZINC000027883904,NRAM_I34A1,NA,6.96,14832,,9526555,,CHEMBL1131488,J. Med. Chem.,1998
ZINC000027883912,NRAM_I34A1,NA,6.96,14832,,9526555,,CHEMBL1131488,J. Med. Chem.,1998
ZINC000027883925,NRAM_I34A1,NA,6.96,14832,,9526555,,CHEMBL1131488,J. Med. Chem.,1998
ZINC000028221963,NRAM_I34A1,NA,5.89,16358,,11312919,,CHEMBL1134391,J. Med. Chem.,2001
ZINC000028223257,NRAM_I34A1,NA,5.4,16358,,11312919,,CHEMBL1134391,J. Med. Chem.,2001
ZINC000028223797,NRAM_I34A1,NA,5.7,16358,,11312919,,CHEMBL1134391,J. Med. Chem.,2001
ZINC000028224674,NRAM_I34A1,NA,5.89,16358,,11312919,,CHEMBL1134391,J. Med. Chem.,2001
ZINC000028357788,NRAM_I34A1,NA,6.24,20367,,15582424,,CHEMBL1144460,Bioorg. Med. Chem. Lett.,2005
ZINC000028476599,NRAM_I34A1,NA,9.11,21650,,15828835,,CHEMBL1143586,J. Med. Chem.,2005
ZINC000028476599,NRAM_I34A1,NA,8.61,21650,,15828835,,CHEMBL1143586,J. Med. Chem.,2005
ZINC000028476599,NRAM_I34A1,NA,8.49,21650,,15828835,,CHEMBL1143586,J. Med. Chem.,2005
ZINC000028477547,NRAM_I34A1,NA,6.57,21285,,15943472,,CHEMBL1139539,J. Med. Chem.,2005
ZINC000028477547,NRAM_I34A1,NA,5.03,21285,,15943472,,CHEMBL1139539,J. Med. Chem.,2005
ZINC000029551048,NRAM_I34A1,NA,8.4,3200,,10450950,,CHEMBL1132662,Bioorg. Med. Chem. Lett.,1999
ZINC000029551760,NRAM_I34A1,NA,6,17786,,15055992,,CHEMBL1149138,J. Med. Chem.,2004
ZINC000029551763,NRAM_I34A1,NA,6,17786,,15055992,,CHEMBL1149138,J. Med. Chem.,2004
ZINC000029554154,NRAM_I34A1,NA,5.74,17786,,15055992,,CHEMBL1149138,J. Med. Chem.,2004
ZINC000029554663,NRAM_I34A1,NA,6.14,17786,,15055992,,CHEMBL1149138,J. Med. Chem.,2004
ZINC000029554666,NRAM_I34A1,NA,6.14,17786,,15055992,,CHEMBL1149138,J. Med. Chem.,2004
ZINC000029554674,NRAM_I34A1,NA,6.17,17786,,15055992,,CHEMBL1149138,J. Med. Chem.,2004
ZINC000029554678,NRAM_I34A1,NA,6.17,17786,,15055992,,CHEMBL1149138,J. Med. Chem.,2004
ZINC000029554845,NRAM_I34A1,NA,6.14,17786,,15055992,,CHEMBL1149138,J. Med. Chem.,2004
ZINC000029554848,NRAM_I34A1,NA,6.14,17786,,15055992,,CHEMBL1149138,J. Med. Chem.,2004
ZINC000029554873,NRAM_I34A1,NA,6.39,17786,,15055992,,CHEMBL1149138,J. Med. Chem.,2004
ZINC000029557110,NRAM_I34A1,NA,6.82,17786,,15055992,,CHEMBL1149138,J. Med. Chem.,2004
ZINC000029557113,NRAM_I34A1,NA,6.82,17786,,15055992,,CHEMBL1149138,J. Med. Chem.,2004
ZINC000029557177,NRAM_I34A1,NA,7.4,17786,,15055992,,CHEMBL1149138,J. Med. Chem.,2004
ZINC000029557180,NRAM_I34A1,NA,7.4,17786,,15055992,,CHEMBL1149138,J. Med. Chem.,2004
ZINC000029558306,NRAM_I34A1,NA,5.06,17786,,15055992,,CHEMBL1149138,J. Med. Chem.,2004
ZINC000029558587,NRAM_I34A1,NA,5.19,17786,,15055992,,CHEMBL1149138,J. Med. Chem.,2004
ZINC000029558590,NRAM_I34A1,NA,5.19,17786,,15055992,,CHEMBL1149138,J. Med. Chem.,2004
ZINC000029558596,NRAM_I34A1,NA,6.04,17786,,15055992,,CHEMBL1149138,J. Med. Chem.,2004
ZINC000029558599,NRAM_I34A1,NA,6.04,17786,,15055992,,CHEMBL1149138,J. Med. Chem.,2004
ZINC000029560085,NRAM_I34A1,NA,6.89,17786,,15055992,,CHEMBL1149138,J. Med. Chem.,2004
ZINC000029560088,NRAM_I34A1,NA,6.89,17786,,15055992,,CHEMBL1149138,J. Med. Chem.,2004
ZINC000029560106,NRAM_I34A1,NA,6.74,17786,,15055992,,CHEMBL1149138,J. Med. Chem.,2004
ZINC000029560293,NRAM_I34A1,NA,5.1,17786,,15055992,,CHEMBL1149138,J. Med. Chem.,2004
ZINC000029560295,NRAM_I34A1,NA,5.1,17786,,15055992,,CHEMBL1149138,J. Med. Chem.,2004
ZINC000029560470,NRAM_I34A1,NA,5.36,17786,,15055992,,CHEMBL1149138,J. Med. Chem.,2004
ZINC000029560483,NRAM_I34A1,NA,7.37,17786,,15055992,,CHEMBL1149138,J. Med. Chem.,2004
ZINC000029560483,NRAM_I34A1,NA,7.22,17786,,15055992,,CHEMBL1149138,J. Med. Chem.,2004
ZINC000029560483,NRAM_I34A1,NA,8.15,17786,,15055992,,CHEMBL1149138,J. Med. Chem.,2004
ZINC000029560487,NRAM_I34A1,NA,7.37,17786,,15055992,,CHEMBL1149138,J. Med. Chem.,2004
ZINC000029560487,NRAM_I34A1,NA,7.22,17786,,15055992,,CHEMBL1149138,J. Med. Chem.,2004
ZINC000029560487,NRAM_I34A1,NA,8.15,17786,,15055992,,CHEMBL1149138,J. Med. Chem.,2004
ZINC000029560769,NRAM_I34A1,NA,5.49,17786,,15055992,,CHEMBL1149138,J. Med. Chem.,2004
ZINC000029561128,NRAM_I34A1,NA,5,17786,,15055992,,CHEMBL1149138,J. Med. Chem.,2004
ZINC000029561131,NRAM_I34A1,NA,5,17786,,15055992,,CHEMBL1149138,J. Med. Chem.,2004
ZINC000029561139,NRAM_I34A1,NA,6.37,17786,,15055992,,CHEMBL1149138,J. Med. Chem.,2004
ZINC000029561143,NRAM_I34A1,NA,6.37,17786,,15055992,,CHEMBL1149138,J. Med. Chem.,2004
ZINC000029561897,NRAM_I34A1,NA,5.62,17786,,15055992,,CHEMBL1149138,J. Med. Chem.,2004
ZINC000029561900,NRAM_I34A1,NA,5.62,17786,,15055992,,CHEMBL1149138,J. Med. Chem.,2004
ZINC000029562756,NRAM_I34A1,NA,6.03,17786,,15055992,,CHEMBL1149138,J. Med. Chem.,2004
ZINC000029562760,NRAM_I34A1,NA,6.03,17786,,15055992,,CHEMBL1149138,J. Med. Chem.,2004
ZINC000029562773,NRAM_I34A1,NA,5.66,17786,,15055992,,CHEMBL1149138,J. Med. Chem.,2004
ZINC000029562876,NRAM_I34A1,NA,7.22,17786,,15055992,,CHEMBL1149138,J. Med. Chem.,2004
ZINC000029562880,NRAM_I34A1,NA,7.22,17786,,15055992,,CHEMBL1149138,J. Med. Chem.,2004
ZINC000029562887,NRAM_I34A1,NA,6.7,17786,,15055992,,CHEMBL1149138,J. Med. Chem.,2004
ZINC000029562890,NRAM_I34A1,NA,6.7,17786,,15055992,,CHEMBL1149138,J. Med. Chem.,2004
ZINC000029563938,NRAM_I34A1,NA,6.48,17786,,15055992,,CHEMBL1149138,J. Med. Chem.,2004
ZINC000029563942,NRAM_I34A1,NA,6.48,17786,,15055992,,CHEMBL1149138,J. Med. Chem.,2004
ZINC000029564276,NRAM_I34A1,NA,6.64,17786,,15055992,,CHEMBL1149138,J. Med. Chem.,2004
ZINC000029564282,NRAM_I34A1,NA,6.64,17786,,15055992,,CHEMBL1149138,J. Med. Chem.,2004
ZINC000029564592,NRAM_I34A1,NA,6.33,17786,,15055992,,CHEMBL1149138,J. Med. Chem.,2004
ZINC000029564595,NRAM_I34A1,NA,6.33,17786,,15055992,,CHEMBL1149138,J. Med. Chem.,2004
ZINC000029564881,NRAM_I34A1,NA,6.19,17786,,15055992,,CHEMBL1149138,J. Med. Chem.,2004
ZINC000029564884,NRAM_I34A1,NA,6.19,17786,,15055992,,CHEMBL1149138,J. Med. Chem.,2004
ZINC000029564893,NRAM_I34A1,NA,5.49,17786,,15055992,,CHEMBL1149138,J. Med. Chem.,2004
ZINC000029564897,NRAM_I34A1,NA,5.49,17786,,15055992,,CHEMBL1149138,J. Med. Chem.,2004
ZINC000029565038,NRAM_I34A1,NA,5.87,17786,,15055992,,CHEMBL1149138,J. Med. Chem.,2004
ZINC000029565042,NRAM_I34A1,NA,5.87,17786,,15055992,,CHEMBL1149138,J. Med. Chem.,2004
ZINC000029566557,NRAM_I34A1,NA,5.09,17786,,15055992,,CHEMBL1149138,J. Med. Chem.,2004
ZINC000029566559,NRAM_I34A1,NA,5.09,17786,,15055992,,CHEMBL1149138,J. Med. Chem.,2004
ZINC000029569423,NRAM_I34A1,NA,6.82,17786,,15055992,,CHEMBL1149138,J. Med. Chem.,2004
ZINC000033818913,NRAM_I34A1,NA,6.39,17786,,15055992,,CHEMBL1149138,J. Med. Chem.,2004
ZINC000033818915,NRAM_I34A1,NA,6.39,17786,,15055992,,CHEMBL1149138,J. Med. Chem.,2004
ZINC000033818917,NRAM_I34A1,NA,5.49,17786,,15055992,,CHEMBL1149138,J. Med. Chem.,2004
ZINC000033818919,NRAM_I34A1,NA,5.49,17786,,15055992,,CHEMBL1149138,J. Med. Chem.,2004
ZINC000033818922,NRAM_I34A1,NA,5.08,17786,,15055992,,CHEMBL1149138,J. Med. Chem.,2004
ZINC000033818923,NRAM_I34A1,NA,5.08,17786,,15055992,,CHEMBL1149138,J. Med. Chem.,2004
ZINC000033818925,NRAM_I34A1,NA,5.06,17786,,15055992,,CHEMBL1149138,J. Med. Chem.,2004
ZINC000033818927,NRAM_I34A1,NA,5.06,17786,,15055992,,CHEMBL1149138,J. Med. Chem.,2004
ZINC000033818929,NRAM_I34A1,NA,5.74,17786,,15055992,,CHEMBL1149138,J. Med. Chem.,2004
ZINC000033818931,NRAM_I34A1,NA,5.74,17786,,15055992,,CHEMBL1149138,J. Med. Chem.,2004
ZINC000033818934,NRAM_I34A1,NA,6.64,17786,,15055992,,CHEMBL1149138,J. Med. Chem.,2004
ZINC000033818935,NRAM_I34A1,NA,6.64,17786,,15055992,,CHEMBL1149138,J. Med. Chem.,2004
ZINC000033818941,NRAM_I34A1,NA,5.66,17786,,15055992,,CHEMBL1149138,J. Med. Chem.,2004
ZINC000033818943,NRAM_I34A1,NA,5.66,17786,,15055992,,CHEMBL1149138,J. Med. Chem.,2004
ZINC000033818958,NRAM_I34A1,NA,5.59,17786,,15055992,,CHEMBL1149138,J. Med. Chem.,2004
ZINC000033818959,NRAM_I34A1,NA,5.59,17786,,15055992,,CHEMBL1149138,J. Med. Chem.,2004
ZINC000033818969,NRAM_I34A1,NA,6.62,17786,,15055992,,CHEMBL1149138,J. Med. Chem.,2004
ZINC000033818970,NRAM_I34A1,NA,6.62,17786,,15055992,,CHEMBL1149138,J. Med. Chem.,2004
ZINC000033836673,NRAM_I34A1,NA,5.36,17786,,15055992,,CHEMBL1149138,J. Med. Chem.,2004
ZINC000033836675,NRAM_I34A1,NA,5.36,17786,,15055992,,CHEMBL1149138,J. Med. Chem.,2004
ZINC000033836677,NRAM_I34A1,NA,6.74,17786,,15055992,,CHEMBL1149138,J. Med. Chem.,2004
ZINC000033836679,NRAM_I34A1,NA,6.74,17786,,15055992,,CHEMBL1149138,J. Med. Chem.,2004
ZINC000033836681,NRAM_I34A1,NA,6.82,17786,,15055992,,CHEMBL1149138,J. Med. Chem.,2004
ZINC000033836683,NRAM_I34A1,NA,6.82,17786,,15055992,,CHEMBL1149138,J. Med. Chem.,2004
ZINC000036352014,NRAM_I34A1,NA,9.11,21650,,15828835,,CHEMBL1143586,J. Med. Chem.,2005
ZINC000036352014,NRAM_I34A1,NA,8.61,21650,,15828835,,CHEMBL1143586,J. Med. Chem.,2005
ZINC000036352014,NRAM_I34A1,NA,8.49,21650,,15828835,,CHEMBL1143586,J. Med. Chem.,2005
ZINC000040933407,NRAM_I34A1,NA,5.98,48644,,20014777,,CHEMBL1154750,J. Med. Chem.,2010
ZINC000052986900,NRAM_I34A1,NA,7.96,2901,,9873727,,CHEMBL1130686,Bioorg. Med. Chem. Lett.,1998
ZINC000052986900,NRAM_I34A1,NA,7.07,17591,,15214773,,CHEMBL1148343,J. Med. Chem.,2004
ZINC000053164194,NRAM_I34A1,NA,8.22,2901,,9873727,,CHEMBL1130686,Bioorg. Med. Chem. Lett.,1998
ZINC000100370930,NRAM_I34A1,NA,7.49,3714,,10866394,,CHEMBL1132909,Bioorg. Med. Chem. Lett.,2000
ZINC000101286464,NRAM_I34A1,NA,5.33,48644,,20014777,,CHEMBL1154750,J. Med. Chem.,2010
ZINC000102153198,NRAM_I34A1,NA,6.54,14832,,9526555,,CHEMBL1131488,J. Med. Chem.,1998
ZINC000169718797,NRAM_I34A1,NA,7.66,21650,,15828835,,CHEMBL1143586,J. Med. Chem.,2005
ZINC000169718797,NRAM_I34A1,NA,7.21,21650,,15828835,,CHEMBL1143586,J. Med. Chem.,2005
ZINC000169718797,NRAM_I34A1,NA,8.1,21650,,15828835,,CHEMBL1143586,J. Med. Chem.,2005
ZINC000195850372,NRAM_I34A1,NA,7.66,21650,,15828835,,CHEMBL1143586,J. Med. Chem.,2005
ZINC000195850372,NRAM_I34A1,NA,7.21,21650,,15828835,,CHEMBL1143586,J. Med. Chem.,2005
ZINC000195850372,NRAM_I34A1,NA,8.1,21650,,15828835,,CHEMBL1143586,J. Med. Chem.,2005
ZINC000198149589,NRAM_I34A1,NA,7.66,21650,,15828835,,CHEMBL1143586,J. Med. Chem.,2005
ZINC000198149589,NRAM_I34A1,NA,7.21,21650,,15828835,,CHEMBL1143586,J. Med. Chem.,2005
ZINC000198149589,NRAM_I34A1,NA,8.1,21650,,15828835,,CHEMBL1143586,J. Med. Chem.,2005
ZINC000198149599,NRAM_I34A1,NA,7.66,21650,,15828835,,CHEMBL1143586,J. Med. Chem.,2005
ZINC000198149599,NRAM_I34A1,NA,7.21,21650,,15828835,,CHEMBL1143586,J. Med. Chem.,2005
ZINC000198149599,NRAM_I34A1,NA,8.1,21650,,15828835,,CHEMBL1143586,J. Med. Chem.,2005
ZINC000253636725,NRAM_I34A1,NA,9,12718,,8126701,,CHEMBL1127812,J. Med. Chem.,1994
ZINC000253691668,NRAM_I34A1,NA,5.46,17786,,15055992,,CHEMBL1149138,J. Med. Chem.,2004
ZINC000253691673,NRAM_I34A1,NA,5.46,17786,,15055992,,CHEMBL1149138,J. Med. Chem.,2004
ZINC000299805743,NRAM_I34A1,NA,9,12718,,8126701,,CHEMBL1127812,J. Med. Chem.,1994
ZINC000000006507,NRAM_INBLE,NA,5,3200,,10450950,,CHEMBL1132662,Bioorg. Med. Chem. Lett.,1999
ZINC000000006507,NRAM_INBLE,NA,8.6,14980,,10395473,,CHEMBL1132253,J. Med. Chem.,1999
ZINC000002047890,NRAM_INBLE,NA,5.1,14980,,10395473,,CHEMBL1132253,J. Med. Chem.,1999
ZINC000003588277,NRAM_INBLE,NA,8.7,16241,,11728184,,CHEMBL1134303,J. Med. Chem.,2001
ZINC000003597307,NRAM_INBLE,NA,5,14980,,10395473,,CHEMBL1132253,J. Med. Chem.,1999
ZINC000003597307,NRAM_INBLE,NA,5,3200,,10450950,,CHEMBL1132662,Bioorg. Med. Chem. Lett.,1999
ZINC000003826222,NRAM_INBLE,NA,5.7,14832,,9526555,,CHEMBL1131488,J. Med. Chem.,1998
ZINC000003826222,NRAM_INBLE,NA,5.7,1738,,,10.1016/0960-894X(96)00318-6,CHEMBL1159157,Bioorg. Med. Chem. Lett.,1996
ZINC000003826222,NRAM_INBLE,NA,5.7,1920,,,10.1016/S0960-894X(96)00542-2,CHEMBL1128946,Bioorg. Med. Chem. Lett.,1996
ZINC000003826222,NRAM_INBLE,NA,5.7,4685,,11266166,,CHEMBL1134218,Bioorg. Med. Chem. Lett.,2001
ZINC000003826222,NRAM_INBLE,NA,5.34,14832,,9526555,,CHEMBL1131488,J. Med. Chem.,1998
ZINC000003833965,NRAM_INBLE,NA,7.15,14477,,9651151,,CHEMBL1131009,J. Med. Chem.,1998
ZINC000003870798,NRAM_INBLE,NA,5,14980,,10395473,,CHEMBL1132253,J. Med. Chem.,1999
ZINC000003918138,NRAM_INBLE,NA,10,38314,,18242993,,CHEMBL1141498,Bioorg. Med. Chem. Lett.,2008
ZINC000003918138,NRAM_INBLE,NA,8.77,15603,,11000002,,CHEMBL1133646,J. Med. Chem.,2000
ZINC000003918138,NRAM_INBLE,NA,7.77,16241,,11728184,,CHEMBL1134303,J. Med. Chem.,2001
ZINC000003918138,NRAM_INBLE,NA,8.7,14832,,9526555,,CHEMBL1131488,J. Med. Chem.,1998
ZINC000003918138,NRAM_INBLE,NA,7.7,2236,,,10.1016/S0960-894X(97)00399-5,CHEMBL1152059,Bioorg. Med. Chem. Lett.,1997
ZINC000003918138,NRAM_INBLE,NA,8.52,14832,,9526555,,CHEMBL1131488,J. Med. Chem.,1998
ZINC000003918138,NRAM_INBLE,NA,8.4,14833,,9526556,,CHEMBL1131489,J. Med. Chem.,1998
ZINC000003918138,NRAM_INBLE,NA,8.4,1738,,,10.1016/0960-894X(96)00318-6,CHEMBL1159157,Bioorg. Med. Chem. Lett.,1996
ZINC000003918138,NRAM_INBLE,NA,8.4,1920,,,10.1016/S0960-894X(96)00542-2,CHEMBL1128946,Bioorg. Med. Chem. Lett.,1996
ZINC000003918138,NRAM_INBLE,NA,8.4,4685,,11266166,,CHEMBL1134218,Bioorg. Med. Chem. Lett.,2001
ZINC000003918138,NRAM_INBLE,NA,8.3,14832,,9526555,,CHEMBL1131488,J. Med. Chem.,1998
ZINC000003929021,NRAM_INBLE,NA,5.7,1920,,,10.1016/S0960-894X(96)00542-2,CHEMBL1128946,Bioorg. Med. Chem. Lett.,1996
ZINC000003929021,NRAM_INBLE,NA,5.52,4685,,11266166,,CHEMBL1134218,Bioorg. Med. Chem. Lett.,2001
ZINC000003929021,NRAM_INBLE,NA,5.44,14832,,9526555,,CHEMBL1131488,J. Med. Chem.,1998
ZINC000003929021,NRAM_INBLE,NA,5.44,14833,,9526556,,CHEMBL1131489,J. Med. Chem.,1998
ZINC000003929021,NRAM_INBLE,NA,5.44,2236,,,10.1016/S0960-894X(97)00399-5,CHEMBL1152059,Bioorg. Med. Chem. Lett.,1997
ZINC000003929021,NRAM_INBLE,NA,5.44,4685,,11266166,,CHEMBL1134218,Bioorg. Med. Chem. Lett.,2001
ZINC000003929021,NRAM_INBLE,NA,5.07,14832,,9526555,,CHEMBL1131488,J. Med. Chem.,1998
ZINC000003929508,NRAM_INBLE,NA,8.96,38314,,18242993,,CHEMBL1141498,Bioorg. Med. Chem. Lett.,2008
ZINC000003929508,NRAM_INBLE,NA,8.3,16241,,11728184,,CHEMBL1134303,J. Med. Chem.,2001
ZINC000003929509,NRAM_INBLE,NA,7.61,15603,,11000002,,CHEMBL1133646,J. Med. Chem.,2000
ZINC000003929509,NRAM_INBLE,NA,8.52,14477,,9651151,,CHEMBL1131009,J. Med. Chem.,1998
ZINC000003929509,NRAM_INBLE,NA,8.44,3176,,10406636,,CHEMBL1131761,Bioorg. Med. Chem. Lett.,1999
ZINC000003929509,NRAM_INBLE,NA,8.4,2901,,9873727,,CHEMBL1130686,Bioorg. Med. Chem. Lett.,1998
ZINC000003929509,NRAM_INBLE,NA,8.4,3714,,10866394,,CHEMBL1132909,Bioorg. Med. Chem. Lett.,2000
ZINC000003933030,NRAM_INBLE,NA,7,4685,,11266166,,CHEMBL1134218,Bioorg. Med. Chem. Lett.,2001
ZINC000003933031,NRAM_INBLE,NA,5.15,4685,,11266166,,CHEMBL1134218,Bioorg. Med. Chem. Lett.,2001
ZINC000003933032,NRAM_INBLE,NA,6.7,4685,,11266166,,CHEMBL1134218,Bioorg. Med. Chem. Lett.,2001
ZINC000003933033,NRAM_INBLE,NA,5.22,4685,,11266166,,CHEMBL1134218,Bioorg. Med. Chem. Lett.,2001
ZINC000003947885,NRAM_INBLE,NA,5.52,17786,,15055992,,CHEMBL1149138,J. Med. Chem.,2004
ZINC000003981610,NRAM_INBLE,NA,7.96,15603,,11000002,,CHEMBL1133646,J. Med. Chem.,2000
ZINC000003981610,NRAM_INBLE,NA,8.3,16241,,11728184,,CHEMBL1134303,J. Med. Chem.,2001
ZINC000003981685,NRAM_INBLE,NA,6.31,21285,,15943472,,CHEMBL1139539,J. Med. Chem.,2005
ZINC000003994907,NRAM_INBLE,NA,5.1,16358,,11312919,,CHEMBL1134391,J. Med. Chem.,2001
ZINC000004134482,NRAM_INBLE,NA,6.73,14477,,9651151,,CHEMBL1131009,J. Med. Chem.,1998
ZINC000004134484,NRAM_INBLE,NA,6.67,14477,,9651151,,CHEMBL1131009,J. Med. Chem.,1998
ZINC000004134486,NRAM_INBLE,NA,8.7,14477,,9651151,,CHEMBL1131009,J. Med. Chem.,1998
ZINC000004134488,NRAM_INBLE,NA,5.84,14477,,9651151,,CHEMBL1131009,J. Med. Chem.,1998
ZINC000004134489,NRAM_INBLE,NA,7.62,14477,,9651151,,CHEMBL1131009,J. Med. Chem.,1998
ZINC000004134490,NRAM_INBLE,NA,8.52,14477,,9651151,,CHEMBL1131009,J. Med. Chem.,1998
ZINC000004134498,NRAM_INBLE,NA,7.05,14477,,9651151,,CHEMBL1131009,J. Med. Chem.,1998
ZINC000004646291,NRAM_INBLE,NA,5.46,14477,,9651151,,CHEMBL1131009,J. Med. Chem.,1998
ZINC000004646294,NRAM_INBLE,NA,8.4,14477,,9651151,,CHEMBL1131009,J. Med. Chem.,1998
ZINC000004847127,NRAM_INBLE,NA,9.85,38314,,18242993,,CHEMBL1141498,Bioorg. Med. Chem. Lett.,2008
ZINC000005884083,NRAM_INBLE,NA,6.4,1920,,,10.1016/S0960-894X(96)00542-2,CHEMBL1128946,Bioorg. Med. Chem. Lett.,1996
ZINC000005884083,NRAM_INBLE,NA,6.39,14833,,9526556,,CHEMBL1131489,J. Med. Chem.,1998
ZINC000005884083,NRAM_INBLE,NA,6.39,1738,,,10.1016/0960-894X(96)00318-6,CHEMBL1159157,Bioorg. Med. Chem. Lett.,1996
ZINC000005962782,NRAM_INBLE,NA,6.82,21285,,15943472,,CHEMBL1139539,J. Med. Chem.,2005
ZINC000005962782,NRAM_INBLE,NA,6.59,21285,,15943472,,CHEMBL1139539,J. Med. Chem.,2005
ZINC000005962782,NRAM_INBLE,NA,7.25,20367,,15582424,,CHEMBL1144460,Bioorg. Med. Chem. Lett.,2005
ZINC000005962783,NRAM_INBLE,NA,6.02,20367,,15582424,,CHEMBL1144460,Bioorg. Med. Chem. Lett.,2005
ZINC000006380100,NRAM_INBLE,NA,5.36,14832,,9526555,,CHEMBL1131488,J. Med. Chem.,1998
ZINC000006380100,NRAM_INBLE,NA,5.35,14832,,9526555,,CHEMBL1131488,J. Med. Chem.,1998
ZINC000006380100,NRAM_INBLE,NA,5.35,1738,,,10.1016/0960-894X(96)00318-6,CHEMBL1159157,Bioorg. Med. Chem. Lett.,1996
ZINC000006380100,NRAM_INBLE,NA,5.35,1920,,,10.1016/S0960-894X(96)00542-2,CHEMBL1128946,Bioorg. Med. Chem. Lett.,1996
ZINC000006380100,NRAM_INBLE,NA,5.33,14832,,9526555,,CHEMBL1131488,J. Med. Chem.,1998
ZINC000006381741,NRAM_INBLE,NA,5.8,14832,,9526555,,CHEMBL1131488,J. Med. Chem.,1998
ZINC000006381741,NRAM_INBLE,NA,6.44,14832,,9526555,,CHEMBL1131488,J. Med. Chem.,1998
ZINC000006381741,NRAM_INBLE,NA,6.4,1920,,,10.1016/S0960-894X(96)00542-2,CHEMBL1128946,Bioorg. Med. Chem. Lett.,1996
ZINC000006381741,NRAM_INBLE,NA,6.14,14832,,9526555,,CHEMBL1131488,J. Med. Chem.,1998
ZINC000006381741,NRAM_INBLE,NA,6.05,14832,,9526555,,CHEMBL1131488,J. Med. Chem.,1998
ZINC000006411782,NRAM_INBLE,NA,8.15,14477,,9651151,,CHEMBL1131009,J. Med. Chem.,1998
ZINC000008552722,NRAM_INBLE,NA,7.46,14477,,9651151,,CHEMBL1131009,J. Med. Chem.,1998
ZINC000008566803,NRAM_INBLE,NA,6.21,21285,,15943472,,CHEMBL1139539,J. Med. Chem.,2005
ZINC000012404506,NRAM_INBLE,NA,6.92,14477,,9651151,,CHEMBL1131009,J. Med. Chem.,1998
ZINC000013557084,NRAM_INBLE,NA,5,14980,,10395473,,CHEMBL1132253,J. Med. Chem.,1999
ZINC000013557084,NRAM_INBLE,NA,5,3200,,10450950,,CHEMBL1132662,Bioorg. Med. Chem. Lett.,1999
ZINC000013558595,NRAM_INBLE,NA,6.05,16241,,11728184,,CHEMBL1134303,J. Med. Chem.,2001
ZINC000013558596,NRAM_INBLE,NA,6.05,16241,,11728184,,CHEMBL1134303,J. Med. Chem.,2001
ZINC000013558596,NRAM_INBLE,NA,6.39,16241,,11728184,,CHEMBL1134303,J. Med. Chem.,2001
ZINC000013558596,NRAM_INBLE,NA,7.37,16241,,11728184,,CHEMBL1134303,J. Med. Chem.,2001
ZINC000013558597,NRAM_INBLE,NA,6.05,16241,,11728184,,CHEMBL1134303,J. Med. Chem.,2001
ZINC000013558597,NRAM_INBLE,NA,5.28,16241,,11728184,,CHEMBL1134303,J. Med. Chem.,2001
ZINC000013558597,NRAM_INBLE,NA,7.37,16241,,11728184,,CHEMBL1134303,J. Med. Chem.,2001
ZINC000013560186,NRAM_INBLE,NA,5.51,17786,,15055992,,CHEMBL1149138,J. Med. Chem.,2004
ZINC000013560187,NRAM_INBLE,NA,5.51,17786,,15055992,,CHEMBL1149138,J. Med. Chem.,2004
ZINC000013560188,NRAM_INBLE,NA,5.34,17786,,15055992,,CHEMBL1149138,J. Med. Chem.,2004
ZINC000013560189,NRAM_INBLE,NA,5.34,17786,,15055992,,CHEMBL1149138,J. Med. Chem.,2004
ZINC000013560190,NRAM_INBLE,NA,5.37,17786,,15055992,,CHEMBL1149138,J. Med. Chem.,2004
ZINC000013560191,NRAM_INBLE,NA,5.37,17786,,15055992,,CHEMBL1149138,J. Med. Chem.,2004
ZINC000013560196,NRAM_INBLE,NA,5.52,17786,,15055992,,CHEMBL1149138,J. Med. Chem.,2004
ZINC000013560197,NRAM_INBLE,NA,5.52,17786,,15055992,,CHEMBL1149138,J. Med. Chem.,2004
ZINC000013560214,NRAM_INBLE,NA,5.21,17786,,15055992,,CHEMBL1149138,J. Med. Chem.,2004
ZINC000013560215,NRAM_INBLE,NA,5.21,17786,,15055992,,CHEMBL1149138,J. Med. Chem.,2004
ZINC000013560216,NRAM_INBLE,NA,5.17,17786,,15055992,,CHEMBL1149138,J. Med. Chem.,2004
ZINC000013560217,NRAM_INBLE,NA,5.17,17786,,15055992,,CHEMBL1149138,J. Med. Chem.,2004
ZINC000013560226,NRAM_INBLE,NA,5.82,17786,,15055992,,CHEMBL1149138,J. Med. Chem.,2004
ZINC000013560226,NRAM_INBLE,NA,5.52,17786,,15055992,,CHEMBL1149138,J. Med. Chem.,2004
ZINC000013560227,NRAM_INBLE,NA,5.82,17786,,15055992,,CHEMBL1149138,J. Med. Chem.,2004
ZINC000013560227,NRAM_INBLE,NA,5.52,17786,,15055992,,CHEMBL1149138,J. Med. Chem.,2004
ZINC000013560228,NRAM_INBLE,NA,5.15,17786,,15055992,,CHEMBL1149138,J. Med. Chem.,2004
ZINC000013560229,NRAM_INBLE,NA,5.15,17786,,15055992,,CHEMBL1149138,J. Med. Chem.,2004
ZINC000013560238,NRAM_INBLE,NA,5.04,17786,,15055992,,CHEMBL1149138,J. Med. Chem.,2004
ZINC000013560239,NRAM_INBLE,NA,5.04,17786,,15055992,,CHEMBL1149138,J. Med. Chem.,2004
ZINC000013560240,NRAM_INBLE,NA,5.08,17786,,15055992,,CHEMBL1149138,J. Med. Chem.,2004
ZINC000013560241,NRAM_INBLE,NA,5.08,17786,,15055992,,CHEMBL1149138,J. Med. Chem.,2004
ZINC000013560244,NRAM_INBLE,NA,5.16,17786,,15055992,,CHEMBL1149138,J. Med. Chem.,2004
ZINC000013560245,NRAM_INBLE,NA,5.16,17786,,15055992,,CHEMBL1149138,J. Med. Chem.,2004
ZINC000013560250,NRAM_INBLE,NA,5.51,17786,,15055992,,CHEMBL1149138,J. Med. Chem.,2004
ZINC000013560260,NRAM_INBLE,NA,5.11,17786,,15055992,,CHEMBL1149138,J. Med. Chem.,2004
ZINC000013560261,NRAM_INBLE,NA,5.11,17786,,15055992,,CHEMBL1149138,J. Med. Chem.,2004
ZINC000013560264,NRAM_INBLE,NA,5.52,17786,,15055992,,CHEMBL1149138,J. Med. Chem.,2004
ZINC000013560265,NRAM_INBLE,NA,5.52,17786,,15055992,,CHEMBL1149138,J. Med. Chem.,2004
ZINC000013645201,NRAM_INBLE,NA,5.18,21285,,15943472,,CHEMBL1139539,J. Med. Chem.,2005
ZINC000013645212,NRAM_INBLE,NA,6.43,21285,,15943472,,CHEMBL1139539,J. Med. Chem.,2005
ZINC000013645212,NRAM_INBLE,NA,5.22,21285,,15943472,,CHEMBL1139539,J. Med. Chem.,2005
ZINC000013645215,NRAM_INBLE,NA,6.08,21285,,15943472,,CHEMBL1139539,J. Med. Chem.,2005
ZINC000013645218,NRAM_INBLE,NA,7.24,21285,,15943472,,CHEMBL1139539,J. Med. Chem.,2005
ZINC000013645221,NRAM_INBLE,NA,6.62,21285,,15943472,,CHEMBL1139539,J. Med. Chem.,2005
ZINC000013645225,NRAM_INBLE,NA,6.66,21285,,15943472,,CHEMBL1139539,J. Med. Chem.,2005
ZINC000013645225,NRAM_INBLE,NA,5.22,21285,,15943472,,CHEMBL1139539,J. Med. Chem.,2005
ZINC000013645228,NRAM_INBLE,NA,6.33,21285,,15943472,,CHEMBL1139539,J. Med. Chem.,2005
ZINC000013645231,NRAM_INBLE,NA,7.52,21285,,15943472,,CHEMBL1139539,J. Med. Chem.,2005
ZINC000013645231,NRAM_INBLE,NA,7.52,38314,,18242993,,CHEMBL1141498,Bioorg. Med. Chem. Lett.,2008
ZINC000013645234,NRAM_INBLE,NA,6.47,21285,,15943472,,CHEMBL1139539,J. Med. Chem.,2005
ZINC000013645234,NRAM_INBLE,NA,5.22,21285,,15943472,,CHEMBL1139539,J. Med. Chem.,2005
ZINC000013645237,NRAM_INBLE,NA,6.18,21285,,15943472,,CHEMBL1139539,J. Med. Chem.,2005
ZINC000013645237,NRAM_INBLE,NA,5.05,21285,,15943472,,CHEMBL1139539,J. Med. Chem.,2005
ZINC000013645240,NRAM_INBLE,NA,6.89,21285,,15943472,,CHEMBL1139539,J. Med. Chem.,2005
ZINC000013645243,NRAM_INBLE,NA,5.34,21285,,15943472,,CHEMBL1139539,J. Med. Chem.,2005
ZINC000013778721,NRAM_INBLE,NA,5.36,1738,,,10.1016/0960-894X(96)00318-6,CHEMBL1159157,Bioorg. Med. Chem. Lett.,1996
ZINC000013778721,NRAM_INBLE,NA,5.36,1920,,,10.1016/S0960-894X(96)00542-2,CHEMBL1128946,Bioorg. Med. Chem. Lett.,1996
ZINC000013778730,NRAM_INBLE,NA,5.8,14832,,9526555,,CHEMBL1131488,J. Med. Chem.,1998
ZINC000013778730,NRAM_INBLE,NA,6.47,14832,,9526555,,CHEMBL1131488,J. Med. Chem.,1998
ZINC000013778730,NRAM_INBLE,NA,5.47,14832,,9526555,,CHEMBL1131488,J. Med. Chem.,1998
ZINC000013778733,NRAM_INBLE,NA,5.8,14832,,9526555,,CHEMBL1131488,J. Med. Chem.,1998
ZINC000013778733,NRAM_INBLE,NA,6.47,14832,,9526555,,CHEMBL1131488,J. Med. Chem.,1998
ZINC000013778733,NRAM_INBLE,NA,5.47,14832,,9526555,,CHEMBL1131488,J. Med. Chem.,1998
ZINC000013778736,NRAM_INBLE,NA,5.8,14832,,9526555,,CHEMBL1131488,J. Med. Chem.,1998
ZINC000013778736,NRAM_INBLE,NA,6.47,14832,,9526555,,CHEMBL1131488,J. Med. Chem.,1998
ZINC000013778736,NRAM_INBLE,NA,5.47,14832,,9526555,,CHEMBL1131488,J. Med. Chem.,1998
ZINC000013778740,NRAM_INBLE,NA,5.08,14832,,9526555,,CHEMBL1131488,J. Med. Chem.,1998
ZINC000013778742,NRAM_INBLE,NA,6.3,1920,,,10.1016/S0960-894X(96)00542-2,CHEMBL1128946,Bioorg. Med. Chem. Lett.,1996
ZINC000013778742,NRAM_INBLE,NA,6.27,14832,,9526555,,CHEMBL1131488,J. Med. Chem.,1998
ZINC000013778742,NRAM_INBLE,NA,6.27,1738,,,10.1016/0960-894X(96)00318-6,CHEMBL1159157,Bioorg. Med. Chem. Lett.,1996
ZINC000013778743,NRAM_INBLE,NA,6.31,14832,,9526555,,CHEMBL1131488,J. Med. Chem.,1998
ZINC000013778743,NRAM_INBLE,NA,6.3,1920,,,10.1016/S0960-894X(96)00542-2,CHEMBL1128946,Bioorg. Med. Chem. Lett.,1996
ZINC000013778746,NRAM_INBLE,NA,6.4,1920,,,10.1016/S0960-894X(96)00542-2,CHEMBL1128946,Bioorg. Med. Chem. Lett.,1996
ZINC000013778746,NRAM_INBLE,NA,6.39,14832,,9526555,,CHEMBL1131488,J. Med. Chem.,1998
ZINC000013778747,NRAM_INBLE,NA,6,1920,,,10.1016/S0960-894X(96)00542-2,CHEMBL1128946,Bioorg. Med. Chem. Lett.,1996
ZINC000013778747,NRAM_INBLE,NA,6.02,14832,,9526555,,CHEMBL1131488,J. Med. Chem.,1998
ZINC000013778752,NRAM_INBLE,NA,6.1,1920,,,10.1016/S0960-894X(96)00542-2,CHEMBL1128946,Bioorg. Med. Chem. Lett.,1996
ZINC000013778752,NRAM_INBLE,NA,6.08,14832,,9526555,,CHEMBL1131488,J. Med. Chem.,1998
ZINC000013778761,NRAM_INBLE,NA,5.1,1920,,,10.1016/S0960-894X(96)00542-2,CHEMBL1128946,Bioorg. Med. Chem. Lett.,1996
ZINC000013778761,NRAM_INBLE,NA,5.09,14832,,9526555,,CHEMBL1131488,J. Med. Chem.,1998
ZINC000013778761,NRAM_INBLE,NA,5.09,14833,,9526556,,CHEMBL1131489,J. Med. Chem.,1998
ZINC000013778773,NRAM_INBLE,NA,5.1,14832,,9526555,,CHEMBL1131488,J. Med. Chem.,1998
ZINC000013778781,NRAM_INBLE,NA,5.48,14832,,9526555,,CHEMBL1131488,J. Med. Chem.,1998
ZINC000013778782,NRAM_INBLE,NA,5.72,14832,,9526555,,CHEMBL1131488,J. Med. Chem.,1998
ZINC000013778783,NRAM_INBLE,NA,5.49,14832,,9526555,,CHEMBL1131488,J. Med. Chem.,1998
ZINC000013778784,NRAM_INBLE,NA,5.64,14832,,9526555,,CHEMBL1131488,J. Med. Chem.,1998
ZINC000013778785,NRAM_INBLE,NA,5.82,14832,,9526555,,CHEMBL1131488,J. Med. Chem.,1998
ZINC000013778785,NRAM_INBLE,NA,5.64,1920,,,10.1016/S0960-894X(96)00542-2,CHEMBL1128946,Bioorg. Med. Chem. Lett.,1996
ZINC000013778790,NRAM_INBLE,NA,5.21,14832,,9526555,,CHEMBL1131488,J. Med. Chem.,1998
ZINC000013778791,NRAM_INBLE,NA,5.28,14832,,9526555,,CHEMBL1131488,J. Med. Chem.,1998
ZINC000013778793,NRAM_INBLE,NA,5.35,14832,,9526555,,CHEMBL1131488,J. Med. Chem.,1998
ZINC000013780042,NRAM_INBLE,NA,5.19,14477,,9651151,,CHEMBL1131009,J. Med. Chem.,1998
ZINC000013780043,NRAM_INBLE,NA,5.67,14477,,9651151,,CHEMBL1131009,J. Med. Chem.,1998
ZINC000013975781,NRAM_INBLE,NA,5.52,17786,,15055992,,CHEMBL1149138,J. Med. Chem.,2004
ZINC000014944904,NRAM_INBLE,NA,7.19,2901,,9873727,,CHEMBL1130686,Bioorg. Med. Chem. Lett.,1998
ZINC000014944906,NRAM_INBLE,NA,6.25,2901,,9873727,,CHEMBL1130686,Bioorg. Med. Chem. Lett.,1998
ZINC000014944909,NRAM_INBLE,NA,6.76,2901,,9873727,,CHEMBL1130686,Bioorg. Med. Chem. Lett.,1998
ZINC000014944910,NRAM_INBLE,NA,7.22,2901,,9873727,,CHEMBL1130686,Bioorg. Med. Chem. Lett.,1998
ZINC000014944911,NRAM_INBLE,NA,6.62,2901,,9873727,,CHEMBL1130686,Bioorg. Med. Chem. Lett.,1998
ZINC000014944912,NRAM_INBLE,NA,6.3,2901,,9873727,,CHEMBL1130686,Bioorg. Med. Chem. Lett.,1998
ZINC000014944913,NRAM_INBLE,NA,5.77,2901,,9873727,,CHEMBL1130686,Bioorg. Med. Chem. Lett.,1998
ZINC000014944915,NRAM_INBLE,NA,5.49,2901,,9873727,,CHEMBL1130686,Bioorg. Med. Chem. Lett.,1998
ZINC000014944930,NRAM_INBLE,NA,7,3714,,10866394,,CHEMBL1132909,Bioorg. Med. Chem. Lett.,2000
ZINC000014944932,NRAM_INBLE,NA,7.52,3714,,10866394,,CHEMBL1132909,Bioorg. Med. Chem. Lett.,2000
ZINC000014944934,NRAM_INBLE,NA,8.4,3714,,10866394,,CHEMBL1132909,Bioorg. Med. Chem. Lett.,2000
ZINC000014944936,NRAM_INBLE,NA,8.15,3714,,10866394,,CHEMBL1132909,Bioorg. Med. Chem. Lett.,2000
ZINC000014944938,NRAM_INBLE,NA,7.85,3714,,10866394,,CHEMBL1132909,Bioorg. Med. Chem. Lett.,2000
ZINC000014944940,NRAM_INBLE,NA,7.39,3714,,10866394,,CHEMBL1132909,Bioorg. Med. Chem. Lett.,2000
ZINC000014944942,NRAM_INBLE,NA,6.05,3714,,10866394,,CHEMBL1132909,Bioorg. Med. Chem. Lett.,2000
ZINC000014944943,NRAM_INBLE,NA,7.52,3714,,10866394,,CHEMBL1132909,Bioorg. Med. Chem. Lett.,2000
ZINC000014944948,NRAM_INBLE,NA,7.19,3714,,10866394,,CHEMBL1132909,Bioorg. Med. Chem. Lett.,2000
ZINC000014944950,NRAM_INBLE,NA,7.21,3714,,10866394,,CHEMBL1132909,Bioorg. Med. Chem. Lett.,2000
ZINC000014944952,NRAM_INBLE,NA,7.06,3714,,10866394,,CHEMBL1132909,Bioorg. Med. Chem. Lett.,2000
ZINC000014944958,NRAM_INBLE,NA,7.85,3714,,10866394,,CHEMBL1132909,Bioorg. Med. Chem. Lett.,2000
ZINC000022040525,NRAM_INBLE,NA,5.81,21285,,15943472,,CHEMBL1139539,J. Med. Chem.,2005
ZINC000027104122,NRAM_INBLE,NA,6.05,16241,,11728184,,CHEMBL1134303,J. Med. Chem.,2001
ZINC000027740310,NRAM_INBLE,NA,5.35,4685,,11266166,,CHEMBL1134218,Bioorg. Med. Chem. Lett.,2001
ZINC000027744752,NRAM_INBLE,NA,5.13,4685,,11266166,,CHEMBL1134218,Bioorg. Med. Chem. Lett.,2001
ZINC000027883904,NRAM_INBLE,NA,5.33,14832,,9526555,,CHEMBL1131488,J. Med. Chem.,1998
ZINC000027883912,NRAM_INBLE,NA,5.33,14832,,9526555,,CHEMBL1131488,J. Med. Chem.,1998
ZINC000027883925,NRAM_INBLE,NA,5.33,14832,,9526555,,CHEMBL1131488,J. Med. Chem.,1998
ZINC000028357788,NRAM_INBLE,NA,6,20367,,15582424,,CHEMBL1144460,Bioorg. Med. Chem. Lett.,2005
ZINC000028477547,NRAM_INBLE,NA,6.62,21285,,15943472,,CHEMBL1139539,J. Med. Chem.,2005
ZINC000029040219,NRAM_INBLE,NA,7.07,38314,,18242993,,CHEMBL1141498,Bioorg. Med. Chem. Lett.,2008
ZINC000029040221,NRAM_INBLE,NA,8.19,38314,,18242993,,CHEMBL1141498,Bioorg. Med. Chem. Lett.,2008
ZINC000029040222,NRAM_INBLE,NA,7.54,38314,,18242993,,CHEMBL1141498,Bioorg. Med. Chem. Lett.,2008
ZINC000029040224,NRAM_INBLE,NA,8.55,38314,,18242993,,CHEMBL1141498,Bioorg. Med. Chem. Lett.,2008
ZINC000029040225,NRAM_INBLE,NA,7.68,38314,,18242993,,CHEMBL1141498,Bioorg. Med. Chem. Lett.,2008
ZINC000029040227,NRAM_INBLE,NA,8.7,38314,,18242993,,CHEMBL1141498,Bioorg. Med. Chem. Lett.,2008
ZINC000029040228,NRAM_INBLE,NA,7.55,38314,,18242993,,CHEMBL1141498,Bioorg. Med. Chem. Lett.,2008
ZINC000029040230,NRAM_INBLE,NA,8.89,38314,,18242993,,CHEMBL1141498,Bioorg. Med. Chem. Lett.,2008
ZINC000029040232,NRAM_INBLE,NA,7.31,38314,,18242993,,CHEMBL1141498,Bioorg. Med. Chem. Lett.,2008
ZINC000029040234,NRAM_INBLE,NA,8.8,38314,,18242993,,CHEMBL1141498,Bioorg. Med. Chem. Lett.,2008
ZINC000029040236,NRAM_INBLE,NA,7.07,38314,,18242993,,CHEMBL1141498,Bioorg. Med. Chem. Lett.,2008
ZINC000029040238,NRAM_INBLE,NA,7.92,38314,,18242993,,CHEMBL1141498,Bioorg. Med. Chem. Lett.,2008
ZINC000029040240,NRAM_INBLE,NA,7.42,38314,,18242993,,CHEMBL1141498,Bioorg. Med. Chem. Lett.,2008
ZINC000029040242,NRAM_INBLE,NA,7.34,38314,,18242993,,CHEMBL1141498,Bioorg. Med. Chem. Lett.,2008
ZINC000029040244,NRAM_INBLE,NA,6.96,38314,,18242993,,CHEMBL1141498,Bioorg. Med. Chem. Lett.,2008
ZINC000029040246,NRAM_INBLE,NA,9.22,38314,,18242993,,CHEMBL1141498,Bioorg. Med. Chem. Lett.,2008
ZINC000029040248,NRAM_INBLE,NA,8.32,38314,,18242993,,CHEMBL1141498,Bioorg. Med. Chem. Lett.,2008
ZINC000029040250,NRAM_INBLE,NA,8.03,38314,,18242993,,CHEMBL1141498,Bioorg. Med. Chem. Lett.,2008
ZINC000029040251,NRAM_INBLE,NA,9.17,38314,,18242993,,CHEMBL1141498,Bioorg. Med. Chem. Lett.,2008
ZINC000029040253,NRAM_INBLE,NA,7.97,38314,,18242993,,CHEMBL1141498,Bioorg. Med. Chem. Lett.,2008
ZINC000029040254,NRAM_INBLE,NA,7.76,38314,,18242993,,CHEMBL1141498,Bioorg. Med. Chem. Lett.,2008
ZINC000029040256,NRAM_INBLE,NA,7.99,38314,,18242993,,CHEMBL1141498,Bioorg. Med. Chem. Lett.,2008
ZINC000029040258,NRAM_INBLE,NA,7.62,38314,,18242993,,CHEMBL1141498,Bioorg. Med. Chem. Lett.,2008
ZINC000029040260,NRAM_INBLE,NA,9.52,38314,,18242993,,CHEMBL1141498,Bioorg. Med. Chem. Lett.,2008
ZINC000029040262,NRAM_INBLE,NA,8.92,38314,,18242993,,CHEMBL1141498,Bioorg. Med. Chem. Lett.,2008
ZINC000029551048,NRAM_INBLE,NA,8.3,3200,,10450950,,CHEMBL1132662,Bioorg. Med. Chem. Lett.,1999
ZINC000029554845,NRAM_INBLE,NA,5.37,17786,,15055992,,CHEMBL1149138,J. Med. Chem.,2004
ZINC000029554848,NRAM_INBLE,NA,5.37,17786,,15055992,,CHEMBL1149138,J. Med. Chem.,2004
ZINC000029557110,NRAM_INBLE,NA,5.16,17786,,15055992,,CHEMBL1149138,J. Med. Chem.,2004
ZINC000029557113,NRAM_INBLE,NA,5.16,17786,,15055992,,CHEMBL1149138,J. Med. Chem.,2004
ZINC000029557177,NRAM_INBLE,NA,5.11,17786,,15055992,,CHEMBL1149138,J. Med. Chem.,2004
ZINC000029557180,NRAM_INBLE,NA,5.11,17786,,15055992,,CHEMBL1149138,J. Med. Chem.,2004
ZINC000029558596,NRAM_INBLE,NA,5.08,17786,,15055992,,CHEMBL1149138,J. Med. Chem.,2004
ZINC000029558599,NRAM_INBLE,NA,5.08,17786,,15055992,,CHEMBL1149138,J. Med. Chem.,2004
ZINC000029560085,NRAM_INBLE,NA,5.15,17786,,15055992,,CHEMBL1149138,J. Med. Chem.,2004
ZINC000029560088,NRAM_INBLE,NA,5.15,17786,,15055992,,CHEMBL1149138,J. Med. Chem.,2004
ZINC000029560106,NRAM_INBLE,NA,5.51,17786,,15055992,,CHEMBL1149138,J. Med. Chem.,2004
ZINC000029560483,NRAM_INBLE,NA,5.52,17786,,15055992,,CHEMBL1149138,J. Med. Chem.,2004
ZINC000029560483,NRAM_INBLE,NA,5.07,17786,,15055992,,CHEMBL1149138,J. Med. Chem.,2004
ZINC000029560487,NRAM_INBLE,NA,5.52,17786,,15055992,,CHEMBL1149138,J. Med. Chem.,2004
ZINC000029560487,NRAM_INBLE,NA,5.07,17786,,15055992,,CHEMBL1149138,J. Med. Chem.,2004
ZINC000029562756,NRAM_INBLE,NA,5.21,17786,,15055992,,CHEMBL1149138,J. Med. Chem.,2004
ZINC000029562760,NRAM_INBLE,NA,5.21,17786,,15055992,,CHEMBL1149138,J. Med. Chem.,2004
ZINC000029562876,NRAM_INBLE,NA,5.04,17786,,15055992,,CHEMBL1149138,J. Med. Chem.,2004
ZINC000029562880,NRAM_INBLE,NA,5.04,17786,,15055992,,CHEMBL1149138,J. Med. Chem.,2004
ZINC000029563938,NRAM_INBLE,NA,5.51,17786,,15055992,,CHEMBL1149138,J. Med. Chem.,2004
ZINC000029563942,NRAM_INBLE,NA,5.51,17786,,15055992,,CHEMBL1149138,J. Med. Chem.,2004
ZINC000029564893,NRAM_INBLE,NA,5.17,17786,,15055992,,CHEMBL1149138,J. Med. Chem.,2004
ZINC000029564897,NRAM_INBLE,NA,5.17,17786,,15055992,,CHEMBL1149138,J. Med. Chem.,2004
ZINC000029565038,NRAM_INBLE,NA,5.34,17786,,15055992,,CHEMBL1149138,J. Med. Chem.,2004
ZINC000029565042,NRAM_INBLE,NA,5.34,17786,,15055992,,CHEMBL1149138,J. Med. Chem.,2004
ZINC000033836677,NRAM_INBLE,NA,5.51,17786,,15055992,,CHEMBL1149138,J. Med. Chem.,2004
ZINC000033836679,NRAM_INBLE,NA,5.51,17786,,15055992,,CHEMBL1149138,J. Med. Chem.,2004
ZINC000052986900,NRAM_INBLE,NA,7,2901,,9873727,,CHEMBL1130686,Bioorg. Med. Chem. Lett.,1998
ZINC000053164194,NRAM_INBLE,NA,7.22,2901,,9873727,,CHEMBL1130686,Bioorg. Med. Chem. Lett.,1998
ZINC000100370930,NRAM_INBLE,NA,7.52,3714,,10866394,,CHEMBL1132909,Bioorg. Med. Chem. Lett.,2000
ZINC000003918138,B4URF0_9INFA,NA,8.62,47367,,19522501,,CHEMBL1158456,J. Med. Chem.,2009
ZINC000003918138,B4URF0_9INFA,NA,8.4,51525,,20452227,,CHEMBL1165924,Bioorg. Med. Chem.,2010
ZINC000049803487,B4URF0_9INFA,NA,5.15,51525,,20452227,,CHEMBL1165924,Bioorg. Med. Chem.,2010
ZINC000049807591,B4URF0_9INFA,NA,5.19,51525,,20452227,,CHEMBL1165924,Bioorg. Med. Chem.,2010
ZINC000049808466,B4URF0_9INFA,NA,5.67,51525,,20452227,,CHEMBL1165924,Bioorg. Med. Chem.,2010
ZINC000139411794,B4URF0_9INFA,NA,8.66,83276,,24836064,,CHEMBL3259643,Eur. J. Med. Chem.,2014
ZINC000169344624,B4URF0_9INFA,NA,8.16,83276,,24836064,,CHEMBL3259643,Eur. J. Med. Chem.,2014
ZINC000169344626,B4URF0_9INFA,NA,8.74,83276,,24836064,,CHEMBL3259643,Eur. J. Med. Chem.,2014
ZINC000169344627,B4URF0_9INFA,NA,8.77,83276,,24836064,,CHEMBL3259643,Eur. J. Med. Chem.,2014
ZINC000169344628,B4URF0_9INFA,NA,8.17,83276,,24836064,,CHEMBL3259643,Eur. J. Med. Chem.,2014
ZINC000169344629,B4URF0_9INFA,NA,8.39,83276,,24836064,,CHEMBL3259643,Eur. J. Med. Chem.,2014
ZINC000169344630,B4URF0_9INFA,NA,8.49,83276,,24836064,,CHEMBL3259643,Eur. J. Med. Chem.,2014
ZINC000003918138,NRAM_I33A0,NA,8.54,66886,,23009169,,CHEMBL2203066,J. Med. Chem.,2012
ZINC000003929509,NRAM_I33A0,NA,8.59,66886,,23009169,,CHEMBL2203066,J. Med. Chem.,2012
ZINC000038540546,NRAM_I33A0,NA,8.62,66886,,23009169,,CHEMBL2203066,J. Med. Chem.,2012
ZINC000059149327,NRAM_I33A0,NA,8.52,66886,,23009169,,CHEMBL2203066,J. Med. Chem.,2012
ZINC000059149523,NRAM_I33A0,NA,8.96,66886,,23009169,,CHEMBL2203066,J. Med. Chem.,2012
ZINC000095559080,NRAM_I33A0,NA,10.05,66886,,23009169,,CHEMBL2203066,J. Med. Chem.,2012
ZINC000003918138,NRAM_I68A0,NA,8.58,53704,,18694948,,CHEMBL1275523,Antimicrob. Agents Chemother.,2008
ZINC000003929508,NRAM_I68A0,NA,8.81,53704,,18694948,,CHEMBL1275523,Antimicrob. Agents Chemother.,2008
ZINC000003918138,Q2LFS1_9INFA,NA,9.4,54956,,19349520,,CHEMBL1649470,Antimicrob. Agents Chemother.,2009
ZINC000003918138,Q2LFS1_9INFA,NA,9.15,54956,,19349520,,CHEMBL1649470,Antimicrob. Agents Chemother.,2009
ZINC000003918138,Q2LFS1_9INFA,NA,9.1,54956,,19349520,,CHEMBL1649470,Antimicrob. Agents Chemother.,2009
ZINC000003929508,Q2LFS1_9INFA,NA,8.43,54956,,19349520,,CHEMBL1649470,Antimicrob. Agents Chemother.,2009
ZINC000003929508,Q2LFS1_9INFA,NA,8.31,54956,,19349520,,CHEMBL1649470,Antimicrob. Agents Chemother.,2009
ZINC000003918138,A5Z252_9INFA,NA,9,54956,,19349520,,CHEMBL1649470,Antimicrob. Agents Chemother.,2009
ZINC000003918138,A5Z252_9INFA,NA,8.85,54956,,19349520,,CHEMBL1649470,Antimicrob. Agents Chemother.,2009
ZINC000003929508,A5Z252_9INFA,NA,7.97,54956,,19349520,,CHEMBL1649470,Antimicrob. Agents Chemother.,2009
ZINC000003929508,A5Z252_9INFA,NA,7.77,89440,,25255388,,CHEMBL3352529,J. Med. Chem.,2014
ZINC000003929508,A5Z252_9INFA,NA,8.1,54956,,19349520,,CHEMBL1649470,Antimicrob. Agents Chemother.,2009
ZINC000013780049,A5Z252_9INFA,NA,8.16,89440,,25255388,,CHEMBL3352529,J. Med. Chem.,2014
ZINC000058660662,A5Z252_9INFA,NA,5.14,89440,,25255388,,CHEMBL3352529,J. Med. Chem.,2014
ZINC000213835148,A5Z252_9INFA,NA,7.82,89440,,25255388,,CHEMBL3352529,J. Med. Chem.,2014
ZINC000213835224,A5Z252_9INFA,NA,8.15,89440,,25255388,,CHEMBL3352529,J. Med. Chem.,2014
ZINC000213841673,A5Z252_9INFA,NA,7.68,89440,,25255388,,CHEMBL3352529,J. Med. Chem.,2014
ZINC000213841751,A5Z252_9INFA,NA,8.44,89440,,25255388,,CHEMBL3352529,J. Med. Chem.,2014
ZINC000213841837,A5Z252_9INFA,NA,8,89440,,25255388,,CHEMBL3352529,J. Med. Chem.,2014
ZINC000213841918,A5Z252_9INFA,NA,7.89,89440,,25255388,,CHEMBL3352529,J. Med. Chem.,2014
ZINC000213842083,A5Z252_9INFA,NA,7.05,89440,,25255388,,CHEMBL3352529,J. Med. Chem.,2014
ZINC000213848581,A5Z252_9INFA,NA,7.51,89440,,25255388,,CHEMBL3352529,J. Med. Chem.,2014
ZINC000213848662,A5Z252_9INFA,NA,8.72,89440,,25255388,,CHEMBL3352529,J. Med. Chem.,2014
ZINC000213848750,A5Z252_9INFA,NA,7.96,89440,,25255388,,CHEMBL3352529,J. Med. Chem.,2014
ZINC000213848829,A5Z252_9INFA,NA,7.37,89440,,25255388,,CHEMBL3352529,J. Med. Chem.,2014
ZINC000213848929,A5Z252_9INFA,NA,8.68,89440,,25255388,,CHEMBL3352529,J. Med. Chem.,2014
ZINC000299818790,A5Z252_9INFA,NA,5.94,89440,,25255388,,CHEMBL3352529,J. Med. Chem.,2014
ZINC000299818843,A5Z252_9INFA,NA,7.11,89440,,25255388,,CHEMBL3352529,J. Med. Chem.,2014
ZINC000299818923,A5Z252_9INFA,NA,7.23,89440,,25255388,,CHEMBL3352529,J. Med. Chem.,2014
ZINC000299820938,A5Z252_9INFA,NA,6.11,89440,,25255388,,CHEMBL3352529,J. Med. Chem.,2014
ZINC000299821267,A5Z252_9INFA,NA,5.14,89440,,25255388,,CHEMBL3352529,J. Med. Chem.,2014
ZINC000299831485,A5Z252_9INFA,NA,6.82,89440,,25255388,,CHEMBL3352529,J. Med. Chem.,2014
ZINC000299831503,A5Z252_9INFA,NA,7.72,89440,,25255388,,CHEMBL3352529,J. Med. Chem.,2014
ZINC000299831663,A5Z252_9INFA,NA,6.43,89440,,25255388,,CHEMBL3352529,J. Med. Chem.,2014
ZINC000299832248,A5Z252_9INFA,NA,6.17,89440,,25255388,,CHEMBL3352529,J. Med. Chem.,2014
ZINC000299833050,A5Z252_9INFA,NA,6.7,89440,,25255388,,CHEMBL3352529,J. Med. Chem.,2014
ZINC000299834505,A5Z252_9INFA,NA,5.93,89440,,25255388,,CHEMBL3352529,J. Med. Chem.,2014
ZINC000299836162,A5Z252_9INFA,NA,5.84,89440,,25255388,,CHEMBL3352529,J. Med. Chem.,2014
ZINC000299836302,A5Z252_9INFA,NA,6.64,89440,,25255388,,CHEMBL3352529,J. Med. Chem.,2014
ZINC000299836923,A5Z252_9INFA,NA,6.1,89440,,25255388,,CHEMBL3352529,J. Med. Chem.,2014
ZINC000299837017,A5Z252_9INFA,NA,7.85,89440,,25255388,,CHEMBL3352529,J. Med. Chem.,2014
ZINC000299837562,A5Z252_9INFA,NA,6.26,89440,,25255388,,CHEMBL3352529,J. Med. Chem.,2014
ZINC000299838508,A5Z252_9INFA,NA,7.57,89440,,25255388,,CHEMBL3352529,J. Med. Chem.,2014
ZINC000299839318,A5Z252_9INFA,NA,7.49,89440,,25255388,,CHEMBL3352529,J. Med. Chem.,2014
ZINC000299839622,A5Z252_9INFA,NA,6.02,89440,,25255388,,CHEMBL3352529,J. Med. Chem.,2014
ZINC000299840282,A5Z252_9INFA,NA,7.68,89440,,25255388,,CHEMBL3352529,J. Med. Chem.,2014
ZINC000299840282,A5Z252_9INFA,NA,7.6,89440,,25255388,,CHEMBL3352529,J. Med. Chem.,2014
ZINC000003918138,Q6Q793_9INFA,NA,9.3,54956,,19349520,,CHEMBL1649470,Antimicrob. Agents Chemother.,2009
ZINC000003918138,Q6Q793_9INFA,NA,8.96,54956,,19349520,,CHEMBL1649470,Antimicrob. Agents Chemother.,2009
ZINC000003918138,Q6Q793_9INFA,NA,8.85,54956,,19349520,,CHEMBL1649470,Antimicrob. Agents Chemother.,2009
ZINC000003918138,Q6Q793_9INFA,NA,8.32,66886,,23009169,,CHEMBL2203066,J. Med. Chem.,2012
ZINC000003929508,Q6Q793_9INFA,NA,10,54956,,19349520,,CHEMBL1649470,Antimicrob. Agents Chemother.,2009
ZINC000003929508,Q6Q793_9INFA,NA,9.7,54956,,19349520,,CHEMBL1649470,Antimicrob. Agents Chemother.,2009
ZINC000003929508,Q6Q793_9INFA,NA,9.52,54956,,19349520,,CHEMBL1649470,Antimicrob. Agents Chemother.,2009
ZINC000003929509,Q6Q793_9INFA,NA,9.14,66886,,23009169,,CHEMBL2203066,J. Med. Chem.,2012
ZINC000038540546,Q6Q793_9INFA,NA,9.28,66886,,23009169,,CHEMBL2203066,J. Med. Chem.,2012
ZINC000059149327,Q6Q793_9INFA,NA,8.66,66886,,23009169,,CHEMBL2203066,J. Med. Chem.,2012
ZINC000059149523,Q6Q793_9INFA,NA,7.76,66886,,23009169,,CHEMBL2203066,J. Med. Chem.,2012
ZINC000095559080,Q6Q793_9INFA,NA,10.4,66886,,23009169,,CHEMBL2203066,J. Med. Chem.,2012
ZINC000003918138,C4LRQ6_9INFA,NA,9.3,54956,,19349520,,CHEMBL1649470,Antimicrob. Agents Chemother.,2009
ZINC000003918138,C4LRQ6_9INFA,NA,9.22,54956,,19349520,,CHEMBL1649470,Antimicrob. Agents Chemother.,2009
ZINC000003918138,C4LRQ6_9INFA,NA,9.15,54956,,19349520,,CHEMBL1649470,Antimicrob. Agents Chemother.,2009
ZINC000003929508,C4LRQ6_9INFA,NA,10,54956,,19349520,,CHEMBL1649470,Antimicrob. Agents Chemother.,2009
ZINC000003929508,C4LRQ6_9INFA,NA,8.96,54956,,19349520,,CHEMBL1649470,Antimicrob. Agents Chemother.,2009
ZINC000003981610,NRAM_I18A0,NA,9.08,60404,,22001088,,CHEMBL1926680,Bioorg. Med. Chem. Lett.,2011
ZINC000003981610,NRAM_I18A0,NA,8.47,60404,,22001088,,CHEMBL1926680,Bioorg. Med. Chem. Lett.,2011
ZINC000034031444,NRAM_I18A0,NA,7.75,60404,,22001088,,CHEMBL1926680,Bioorg. Med. Chem. Lett.,2011
ZINC000034031444,NRAM_I18A0,NA,8.12,60404,,22001088,,CHEMBL1926680,Bioorg. Med. Chem. Lett.,2011
ZINC000000007642,NRAM_I72A2,NA,6.31,62498,,22677529,,CHEMBL2046418,Bioorg. Med. Chem.,2012
ZINC000003918138,Q20MD3_9INFA,NA,7.64,66886,,23009169,,CHEMBL2203066,J. Med. Chem.,2012
ZINC000003929509,Q20MD3_9INFA,NA,8.54,66886,,23009169,,CHEMBL2203066,J. Med. Chem.,2012
ZINC000038540546,Q20MD3_9INFA,NA,8.8,66886,,23009169,,CHEMBL2203066,J. Med. Chem.,2012
ZINC000059149327,Q20MD3_9INFA,NA,8.42,66886,,23009169,,CHEMBL2203066,J. Med. Chem.,2012
ZINC000059149523,Q20MD3_9INFA,NA,6.94,66886,,23009169,,CHEMBL2203066,J. Med. Chem.,2012
ZINC000095559080,Q20MD3_9INFA,NA,9.46,66886,,23009169,,CHEMBL2203066,J. Med. Chem.,2012
ZINC000003918138,Q194T1_9INFA,NA,5.85,82467,,24613627,,CHEMBL3232942,Bioorg. Med. Chem.,2014
ZINC000003929508,Q194T1_9INFA,NA,6.1,82467,,24613627,,CHEMBL3232942,Bioorg. Med. Chem.,2014
ZINC000003985629,Q194T1_9INFA,NA,5.51,82467,,24613627,,CHEMBL3232942,Bioorg. Med. Chem.,2014
ZINC000095542577,Q194T1_9INFA,NA,5.04,82467,,24613627,,CHEMBL3232942,Bioorg. Med. Chem.,2014
ZINC000003929508,NRAM_I77AB,NA,8.86,90682,,25096296,,CHEMBL3352453,Bioorg. Med. Chem. Lett.,2014
ZINC000003929508,NRAM_I77AB,NA,7.89,89440,,25255388,,CHEMBL3352529,J. Med. Chem.,2014
ZINC000003929508,NRAM_I77AB,NA,8.59,90682,,25096296,,CHEMBL3352453,Bioorg. Med. Chem. Lett.,2014
ZINC000003929508,NRAM_I77AB,NA,8.05,89440,,25255388,,CHEMBL3352529,J. Med. Chem.,2014
ZINC000003929509,NRAM_I77AB,NA,8.75,89880,,25456388,,CHEMBL3352719,Bioorg. Med. Chem.,2014
ZINC000013780049,NRAM_I77AB,NA,7.96,89440,,25255388,,CHEMBL3352529,J. Med. Chem.,2014
ZINC000013780049,NRAM_I77AB,NA,8.64,89440,,25255388,,CHEMBL3352529,J. Med. Chem.,2014
ZINC000013780049,NRAM_I77AB,NA,8.59,89440,,25255388,,CHEMBL3352529,J. Med. Chem.,2014
ZINC000100067274,NRAM_I77AB,NA,5,89506,,25277281,,CHEMBL3351551,Bioorg. Med. Chem.,2014
ZINC000100067274,NRAM_I77AB,NA,5.09,89506,,25277281,,CHEMBL3351551,Bioorg. Med. Chem.,2014
ZINC000213835148,NRAM_I77AB,NA,7.28,89440,,25255388,,CHEMBL3352529,J. Med. Chem.,2014
ZINC000213835148,NRAM_I77AB,NA,7.27,89440,,25255388,,CHEMBL3352529,J. Med. Chem.,2014
ZINC000213835148,NRAM_I77AB,NA,7,89440,,25255388,,CHEMBL3352529,J. Med. Chem.,2014
ZINC000213835224,NRAM_I77AB,NA,7.72,89440,,25255388,,CHEMBL3352529,J. Med. Chem.,2014
ZINC000213835224,NRAM_I77AB,NA,6.38,89440,,25255388,,CHEMBL3352529,J. Med. Chem.,2014
ZINC000213835224,NRAM_I77AB,NA,7.1,89440,,25255388,,CHEMBL3352529,J. Med. Chem.,2014
ZINC000213841673,NRAM_I77AB,NA,6.71,89440,,25255388,,CHEMBL3352529,J. Med. Chem.,2014
ZINC000213841673,NRAM_I77AB,NA,5.3,89440,,25255388,,CHEMBL3352529,J. Med. Chem.,2014
ZINC000213841673,NRAM_I77AB,NA,7.2,89440,,25255388,,CHEMBL3352529,J. Med. Chem.,2014
ZINC000213841751,NRAM_I77AB,NA,7.85,89440,,25255388,,CHEMBL3352529,J. Med. Chem.,2014
ZINC000213841751,NRAM_I77AB,NA,7.54,89440,,25255388,,CHEMBL3352529,J. Med. Chem.,2014
ZINC000213841837,NRAM_I77AB,NA,6.97,89440,,25255388,,CHEMBL3352529,J. Med. Chem.,2014
ZINC000213841837,NRAM_I77AB,NA,6.19,89440,,25255388,,CHEMBL3352529,J. Med. Chem.,2014
ZINC000213841837,NRAM_I77AB,NA,7.05,89440,,25255388,,CHEMBL3352529,J. Med. Chem.,2014
ZINC000213841918,NRAM_I77AB,NA,7.25,89440,,25255388,,CHEMBL3352529,J. Med. Chem.,2014
ZINC000213841918,NRAM_I77AB,NA,7.42,89440,,25255388,,CHEMBL3352529,J. Med. Chem.,2014
ZINC000213841918,NRAM_I77AB,NA,7.38,89440,,25255388,,CHEMBL3352529,J. Med. Chem.,2014
ZINC000213842083,NRAM_I77AB,NA,5.72,89440,,25255388,,CHEMBL3352529,J. Med. Chem.,2014
ZINC000213848581,NRAM_I77AB,NA,6.93,89440,,25255388,,CHEMBL3352529,J. Med. Chem.,2014
ZINC000213848581,NRAM_I77AB,NA,6.6,89440,,25255388,,CHEMBL3352529,J. Med. Chem.,2014
ZINC000213848662,NRAM_I77AB,NA,8.42,89440,,25255388,,CHEMBL3352529,J. Med. Chem.,2014
ZINC000213848662,NRAM_I77AB,NA,6.24,89440,,25255388,,CHEMBL3352529,J. Med. Chem.,2014
ZINC000213848662,NRAM_I77AB,NA,8.17,89440,,25255388,,CHEMBL3352529,J. Med. Chem.,2014
ZINC000213848750,NRAM_I77AB,NA,7.57,89440,,25255388,,CHEMBL3352529,J. Med. Chem.,2014
ZINC000213848750,NRAM_I77AB,NA,6.47,89440,,25255388,,CHEMBL3352529,J. Med. Chem.,2014
ZINC000213848750,NRAM_I77AB,NA,7.36,89440,,25255388,,CHEMBL3352529,J. Med. Chem.,2014
ZINC000213848829,NRAM_I77AB,NA,7.42,89440,,25255388,,CHEMBL3352529,J. Med. Chem.,2014
ZINC000213848829,NRAM_I77AB,NA,7.41,89440,,25255388,,CHEMBL3352529,J. Med. Chem.,2014
ZINC000213848829,NRAM_I77AB,NA,7.24,89440,,25255388,,CHEMBL3352529,J. Med. Chem.,2014
ZINC000213848929,NRAM_I77AB,NA,7.85,89440,,25255388,,CHEMBL3352529,J. Med. Chem.,2014
ZINC000213848929,NRAM_I77AB,NA,6.68,89440,,25255388,,CHEMBL3352529,J. Med. Chem.,2014
ZINC000213848929,NRAM_I77AB,NA,8.37,89440,,25255388,,CHEMBL3352529,J. Med. Chem.,2014
ZINC000299818747,NRAM_I77AB,NA,7.42,89880,,25456388,,CHEMBL3352719,Bioorg. Med. Chem.,2014
ZINC000299818843,NRAM_I77AB,NA,5.76,89440,,25255388,,CHEMBL3352529,J. Med. Chem.,2014
ZINC000299818843,NRAM_I77AB,NA,7.08,89440,,25255388,,CHEMBL3352529,J. Med. Chem.,2014
ZINC000299818843,NRAM_I77AB,NA,7,89440,,25255388,,CHEMBL3352529,J. Med. Chem.,2014
ZINC000299818923,NRAM_I77AB,NA,6.14,89440,,25255388,,CHEMBL3352529,J. Med. Chem.,2014
ZINC000299820938,NRAM_I77AB,NA,5.44,89440,,25255388,,CHEMBL3352529,J. Med. Chem.,2014
ZINC000299821933,NRAM_I77AB,NA,7.51,89880,,25456388,,CHEMBL3352719,Bioorg. Med. Chem.,2014
ZINC000299826093,NRAM_I77AB,NA,6.18,89880,,25456388,,CHEMBL3352719,Bioorg. Med. Chem.,2014
ZINC000299826179,NRAM_I77AB,NA,7.03,89880,,25456388,,CHEMBL3352719,Bioorg. Med. Chem.,2014
ZINC000299828804,NRAM_I77AB,NA,8.17,89880,,25456388,,CHEMBL3352719,Bioorg. Med. Chem.,2014
ZINC000299831485,NRAM_I77AB,NA,6.57,89440,,25255388,,CHEMBL3352529,J. Med. Chem.,2014
ZINC000299831485,NRAM_I77AB,NA,6.43,89440,,25255388,,CHEMBL3352529,J. Med. Chem.,2014
ZINC000299831485,NRAM_I77AB,NA,6.37,89440,,25255388,,CHEMBL3352529,J. Med. Chem.,2014
ZINC000299831503,NRAM_I77AB,NA,7.25,89440,,25255388,,CHEMBL3352529,J. Med. Chem.,2014
ZINC000299831503,NRAM_I77AB,NA,6.2,89440,,25255388,,CHEMBL3352529,J. Med. Chem.,2014
ZINC000299831503,NRAM_I77AB,NA,7.12,89440,,25255388,,CHEMBL3352529,J. Med. Chem.,2014
ZINC000299831663,NRAM_I77AB,NA,5.6,89440,,25255388,,CHEMBL3352529,J. Med. Chem.,2014
ZINC000299831663,NRAM_I77AB,NA,5.31,89440,,25255388,,CHEMBL3352529,J. Med. Chem.,2014
ZINC000299831888,NRAM_I77AB,NA,6.82,89880,,25456388,,CHEMBL3352719,Bioorg. Med. Chem.,2014
ZINC000299832248,NRAM_I77AB,NA,5.94,89440,,25255388,,CHEMBL3352529,J. Med. Chem.,2014
ZINC000299832248,NRAM_I77AB,NA,5.41,89440,,25255388,,CHEMBL3352529,J. Med. Chem.,2014
ZINC000299833050,NRAM_I77AB,NA,6.72,89440,,25255388,,CHEMBL3352529,J. Med. Chem.,2014
ZINC000299833050,NRAM_I77AB,NA,6.46,89440,,25255388,,CHEMBL3352529,J. Med. Chem.,2014
ZINC000299833050,NRAM_I77AB,NA,7.06,89440,,25255388,,CHEMBL3352529,J. Med. Chem.,2014
ZINC000299833327,NRAM_I77AB,NA,7.38,89880,,25456388,,CHEMBL3352719,Bioorg. Med. Chem.,2014
ZINC000299834505,NRAM_I77AB,NA,5.58,89440,,25255388,,CHEMBL3352529,J. Med. Chem.,2014
ZINC000299834505,NRAM_I77AB,NA,5.52,89440,,25255388,,CHEMBL3352529,J. Med. Chem.,2014
ZINC000299835092,NRAM_I77AB,NA,6.92,89440,,25255388,,CHEMBL3352529,J. Med. Chem.,2014
ZINC000299835092,NRAM_I77AB,NA,6.74,89440,,25255388,,CHEMBL3352529,J. Med. Chem.,2014
ZINC000299835092,NRAM_I77AB,NA,6.42,89880,,25456388,,CHEMBL3352719,Bioorg. Med. Chem.,2014
ZINC000299836162,NRAM_I77AB,NA,5.81,89440,,25255388,,CHEMBL3352529,J. Med. Chem.,2014
ZINC000299836162,NRAM_I77AB,NA,5.67,89440,,25255388,,CHEMBL3352529,J. Med. Chem.,2014
ZINC000299836162,NRAM_I77AB,NA,5.49,89440,,25255388,,CHEMBL3352529,J. Med. Chem.,2014
ZINC000299836302,NRAM_I77AB,NA,6.41,89440,,25255388,,CHEMBL3352529,J. Med. Chem.,2014
ZINC000299836302,NRAM_I77AB,NA,6.35,89440,,25255388,,CHEMBL3352529,J. Med. Chem.,2014
ZINC000299836782,NRAM_I77AB,NA,8.19,89880,,25456388,,CHEMBL3352719,Bioorg. Med. Chem.,2014
ZINC000299836923,NRAM_I77AB,NA,5.75,89440,,25255388,,CHEMBL3352529,J. Med. Chem.,2014
ZINC000299837017,NRAM_I77AB,NA,6.97,89440,,25255388,,CHEMBL3352529,J. Med. Chem.,2014
ZINC000299837017,NRAM_I77AB,NA,5.49,89440,,25255388,,CHEMBL3352529,J. Med. Chem.,2014
ZINC000299837017,NRAM_I77AB,NA,7.32,89440,,25255388,,CHEMBL3352529,J. Med. Chem.,2014
ZINC000299837343,NRAM_I77AB,NA,8.07,89880,,25456388,,CHEMBL3352719,Bioorg. Med. Chem.,2014
ZINC000299837562,NRAM_I77AB,NA,6.6,89440,,25255388,,CHEMBL3352529,J. Med. Chem.,2014
ZINC000299837562,NRAM_I77AB,NA,6.44,89440,,25255388,,CHEMBL3352529,J. Med. Chem.,2014
ZINC000299837562,NRAM_I77AB,NA,6.26,89440,,25255388,,CHEMBL3352529,J. Med. Chem.,2014
ZINC000299837591,NRAM_I77AB,NA,5.98,89440,,25255388,,CHEMBL3352529,J. Med. Chem.,2014
ZINC000299837720,NRAM_I77AB,NA,6.24,89880,,25456388,,CHEMBL3352719,Bioorg. Med. Chem.,2014
ZINC000299838508,NRAM_I77AB,NA,7.37,89440,,25255388,,CHEMBL3352529,J. Med. Chem.,2014
ZINC000299838508,NRAM_I77AB,NA,6.27,89440,,25255388,,CHEMBL3352529,J. Med. Chem.,2014
ZINC000299838508,NRAM_I77AB,NA,7.15,89440,,25255388,,CHEMBL3352529,J. Med. Chem.,2014
ZINC000299838915,NRAM_I77AB,NA,6.8,89440,,25255388,,CHEMBL3352529,J. Med. Chem.,2014
ZINC000299838956,NRAM_I77AB,NA,7.69,89880,,25456388,,CHEMBL3352719,Bioorg. Med. Chem.,2014
ZINC000299839318,NRAM_I77AB,NA,6.72,89440,,25255388,,CHEMBL3352529,J. Med. Chem.,2014
ZINC000299839318,NRAM_I77AB,NA,7.09,89440,,25255388,,CHEMBL3352529,J. Med. Chem.,2014
ZINC000299839592,NRAM_I77AB,NA,7.17,89880,,25456388,,CHEMBL3352719,Bioorg. Med. Chem.,2014
ZINC000299840790,NRAM_I77AB,NA,5.92,89880,,25456388,,CHEMBL3352719,Bioorg. Med. Chem.,2014
ZINC000299841465,NRAM_I77AB,NA,7.34,89880,,25456388,,CHEMBL3352719,Bioorg. Med. Chem.,2014
